start,periods,total_return,annualized_return,annualized_volatility,sharpe,sortino,max_drawdown,calmar,win_rate_active_bars,mean_bar_return,competition_score,total_turnover,avg_turnover_per_bar,avg_gross_exposure,max_gross_exposure,transaction_cost_drag,end
2024-01-01 00:00:00+00:00,84.0,-0.028353665555439722,-0.5275875201111981,0.16260720400843473,-4.529506592794496,-2.7330325767823545,-0.038788254081493445,-13.601734148764365,0.5121951219512195,-0.0003363152523251528,-6.5325852531806,4.537411032911893,0.05401679801085587,0.484231910588225,1.0,0.005444893239494273,2024-01-14 20:00:00+00:00
2024-01-01 04:00:00+00:00,84.0,-0.020065095692414103,-0.41047919762228635,0.16871658718334237,-3.0472977080978523,-1.907773433832358,-0.038788254081493445,-10.582564421690048,0.5238095238095238,-0.0002347624061378496,-4.852068012469314,4.537411032911893,0.05401679801085587,0.49613667249298693,1.0,0.005444893239494273,2024-01-15 00:00:00+00:00
2024-01-01 08:00:00+00:00,84.0,-0.023741626745564126,-0.4655110965678576,0.16965251277661758,-3.6070479901892796,-2.3025057709402708,-0.038788254081493445,-12.00134183894503,0.5116279069767442,-0.0002794268288773788,-5.603519257116401,4.537411032911894,0.05401679801085588,0.5080414343977488,1.0,0.005444893239494273,2024-01-15 04:00:00+00:00
2024-01-01 12:00:00+00:00,84.0,-0.026095233485842195,-0.49811002013855443,0.16998993037540083,-3.9696404576970115,-2.587671675426223,-0.038788254081493445,-12.841774705611497,0.5,-0.0003081273538900864,-6.078493219163041,4.537411032911894,0.05401679801085588,0.5199461963025107,1.0,0.005444893239494273,2024-01-15 08:00:00+00:00
2024-01-01 16:00:00+00:00,84.0,-0.025769540826676374,-0.49371575209504803,0.1700142066053577,-3.9177909100137644,-2.55423746200843,-0.038788254081493445,-12.72848607874332,0.5111111111111111,-0.0003041461704162888,-6.0155780814304975,4.537411032911893,0.05401679801085587,0.5318509582072727,1.0,0.005444893239494273,2024-01-15 12:00:00+00:00
2024-01-01 20:00:00+00:00,84.0,-0.025302747941396864,-0.4873531832792922,0.17005394219179895,-3.8434171989409336,-2.5063345233958687,-0.038788254081493445,-12.564452688573496,0.5217391304347826,-0.00029844212153774764,-5.924894775612676,4.537411032911893,0.05401679801085587,0.5437557201120345,1.0,0.005444893239494273,2024-01-15 16:00:00+00:00
2024-01-02 00:00:00+00:00,84.0,-0.02389136941507608,-0.4676443845806838,0.170278863507918,-3.616634224127531,-2.361566249753885,-0.038788254081493445,-12.056340138387542,0.5319148936170213,-0.0002812038198211309,-5.646518808656076,4.537411032911894,0.05401679801085588,0.5556604820167964,1.0,0.005444893239494273,2024-01-15 20:00:00+00:00
2024-01-02 04:00:00+00:00,84.0,-0.02021937878725988,-0.4128942589849467,0.1715068860358829,-3.018882427477698,-1.9854665012858759,-0.038788254081493445,-10.644827120021,0.5416666666666666,-0.00023641969152746444,-4.89329946476396,4.537411032911894,0.05401679801085588,0.5675652439215584,1.0,0.005444893239494273,2024-01-16 00:00:00+00:00
2024-01-02 08:00:00+00:00,84.0,-0.023230643323511768,-0.4581693781690137,0.17210479009752064,-3.473972066421249,-2.328223733819769,-0.038788254081493445,-11.812064992830248,0.5306122448979592,-0.0002730078690849676,-5.517100611303356,5.1141091258709395,0.06088225149846357,0.5794700058263202,1.0,0.006136930951045129,2024-01-16 04:00:00+00:00
2024-01-02 12:00:00+00:00,84.0,-0.019539638911469592,-0.40218210865460835,0.17332541544038924,-2.8811056257546825,-1.944584690977824,-0.038788254081493445,-10.368657166409985,0.54,-0.0002280222965806269,-4.75276271404053,5.1141091258709395,0.06088225149846357,0.5913747677310821,1.0,0.006136930951045129,2024-01-16 08:00:00+00:00
2024-01-02 16:00:00+00:00,84.0,-0.016648316386791207,-0.354479985142624,0.17407121206980336,-2.4270851352620952,-1.645195056453855,-0.038788254081493445,-9.138848693675868,0.5490196078431373,-0.00019291582250761442,-4.127858171262931,5.11410912587094,0.060882251498463574,0.6032795296358441,1.0,0.006136930951045129,2024-01-16 12:00:00+00:00
2024-01-02 20:00:00+00:00,84.0,-0.012995714991786311,-0.28896789874417195,0.17519582799282832,-1.8587479099146842,-1.2680888537376775,-0.038788254081493445,-7.449881557882327,0.5576923076923077,-0.00014869629182988225,-3.2998243818341746,5.11410912587094,0.060882251498463574,0.6151842915406059,1.0,0.006136930951045129,2024-01-16 16:00:00+00:00
2024-01-03 00:00:00+00:00,84.0,-0.01100207663987518,-0.25056031791309796,0.17554014647194668,-1.555105840585789,-1.06302099230038,-0.038788254081493445,-6.459695695162641,0.5660377358490566,-0.00012465000321269822,-2.829648857644681,5.1141091258709395,0.06088225149846357,0.6270890534453679,1.0,0.006136930951045129,2024-01-16 20:00:00+00:00
2024-01-03 04:00:00+00:00,84.0,-0.00756853047490702,-0.17968995883760996,0.17648627674624193,-1.03390599362654,-0.7105545522286459,-0.038788254081493445,-4.632586928508937,0.5740740740740741,-8.331973484966748e-05,-1.9841696975321015,5.1141091258709395,0.06088225149846357,0.6389938153501298,1.0,0.006136930951045129,2024-01-17 00:00:00+00:00
2024-01-03 08:00:00+00:00,84.0,-0.012644864965527636,-0.2823488898513574,0.17832326906105844,-1.7710914935230313,-1.2332301824226901,-0.038788254081493445,-7.279236885943547,0.5636363636363636,-0.00014421316206906818,-3.2083905868090494,5.632515652293238,0.06705375776539568,0.6508985772548916,1.0,0.006759018782751887,2024-01-17 04:00:00+00:00
2024-01-03 12:00:00+00:00,84.0,-0.015635705008678058,-0.33692401684344897,0.17892117259043172,-2.206563418198004,-1.5634466195710597,-0.038788254081493445,-8.686238265212388,0.5535714285714286,-0.00018027439003613605,-3.8932191528515414,5.632515652293238,0.06705375776539568,0.6628033391596536,1.0,0.006759018782751887,2024-01-17 08:00:00+00:00
2024-01-03 16:00:00+00:00,84.0,-0.013060795307265671,-0.29018920818809324,0.17948159701785205,-1.819701980898452,-1.2933769034304423,-0.038788254081493445,-7.481368137333812,0.5614035087719298,-0.00014913379800374568,-3.3076717968418556,5.632515652293238,0.06705375776539568,0.6747081010644155,1.0,0.006759018782751887,2024-01-17 12:00:00+00:00
2024-01-03 20:00:00+00:00,84.0,-0.007409023029946393,-0.1762456780725714,0.1819422202716559,-0.9745031507797742,-0.7021366550604078,-0.038788254081493445,-4.5437899241941215,0.5689655172413793,-8.096039585141389e-05,-1.9363425845163318,5.632515652293238,0.06705375776539568,0.6866128629691775,1.0,0.006759018782751887,2024-01-17 16:00:00+00:00
2024-01-04 00:00:00+00:00,84.0,-0.007328423581164478,-0.1744999908992959,0.1819436290905804,-0.9628599798196096,-0.6937530369788376,-0.038788254081493445,-4.49878436221116,0.576271186440678,-7.999371645409259e-05,-1.915994517400766,5.632515652293239,0.0670537577653957,0.6985176248739393,1.0,0.006759018782751886,2024-01-17 20:00:00+00:00
2024-01-04 04:00:00+00:00,84.0,-0.0024349816460998985,-0.06158300038369047,0.18371188310052866,-0.2540138446163277,-0.1847989693653755,-0.038788254081493445,-1.5876713670665779,0.5833333333333334,-2.130838435071719e-05,-0.6264251512510218,5.632515652293239,0.0670537577653957,0.7104223867787012,1.0,0.006759018782751886,2024-01-18 00:00:00+00:00
2024-01-04 08:00:00+00:00,84.0,-0.012957078494424068,-0.2882418832724012,0.19132276399643627,-1.6812482786074612,-1.2098613994451677,-0.038788254081493445,-7.431164152601713,0.5737704918032787,-0.00014687719982987672,-3.2176682891408195,5.632515652293238,0.06705375776539568,0.7223271486834631,1.0,0.006759018782751886,2024-01-18 04:00:00+00:00
2024-01-04 12:00:00+00:00,84.0,-0.011571607856308064,-0.26173130910131004,0.19148343514756752,-1.4887225079012514,-1.0722155125300539,-0.038788254081493445,-6.747695025185128,0.5806451612903226,-0.00013016698620750382,-2.8998114649379354,5.632515652293238,0.06705375776539568,0.734231910588225,1.0,0.006759018782751886,2024-01-18 08:00:00+00:00
2024-01-04 16:00:00+00:00,84.0,-0.017450785141728598,-0.36807430302651534,0.1937444954091232,-2.2717481258112957,-1.6525512672307705,-0.038788254081493445,-9.489323810584454,0.5714285714285714,-0.0002009765727543063,-4.189342087811033,5.632515652293239,0.0670537577653957,0.7461366724929869,1.0,0.006759018782751886,2024-01-18 12:00:00+00:00
2024-01-04 20:00:00+00:00,84.0,-0.013877479592700581,-0.3053447948318795,0.19471969390385663,-1.7734359429059752,-1.2965544949651229,-0.038788254081493445,-7.872094325007653,0.578125,-0.000157681691306278,-3.4122808783601375,5.632515652293239,0.0670537577653957,0.7580414343977488,1.0,0.006759018782751886,2024-01-18 16:00:00+00:00
2024-01-05 00:00:00+00:00,84.0,-0.009744803855861517,-0.22532132304664954,0.195965965968239,-1.204606498004,-0.8863214194543427,-0.038788254081493445,-5.809009154504695,0.5846153846153846,-0.00010779081095569472,-2.4586132635343456,5.632515652293238,0.06705375776539568,0.7699461963025107,1.0,0.006759018782751886,2024-01-18 20:00:00+00:00
2024-01-05 04:00:00+00:00,84.0,-0.002830591769896418,-0.07123749068096263,0.19924307484210194,-0.2711490559131094,-0.20284145764981173,-0.038788254081493445,-1.8365737867781806,0.5909090909090909,-2.466875417381778e-05,-0.7134534358673117,5.632515652293238,0.06705375776539568,0.7818509582072727,1.0,0.006759018782751886,2024-01-19 00:00:00+00:00
2024-01-05 08:00:00+00:00,84.0,0.004359113928228631,0.12008137835116983,0.20259882782114239,0.6611756706717036,0.5029434811873297,-0.038788254081493445,3.095818081909048,0.5970149253731343,6.116594331595653e-05,1.3282755182491575,5.632515652293239,0.0670537577653957,0.7937557201120345,1.0,0.006759018782751886,2024-01-19 04:00:00+00:00
2024-01-05 12:00:00+00:00,84.0,0.0028358477618215527,0.0766237278288946,0.20275694529361274,0.46564153925550034,0.3605118915732797,-0.038788254081493445,1.975436369678034,0.5882352941176471,4.311052790011923e-05,0.8765281293093721,5.632515652293239,0.0670537577653957,0.8056604820167964,1.0,0.006759018782751886,2024-01-19 08:00:00+00:00
2024-01-05 16:00:00+00:00,84.0,0.009912409367041741,0.29324975331347636,0.2058574399608571,1.352326169679956,1.0630168749632256,-0.038788254081493445,7.560272052909722,0.5942028985507246,0.00012711707912437778,3.098986216762194,5.632515652293238,0.06705375776539568,0.8175652439215582,1.0,0.006759018782751886,2024-01-19 12:00:00+00:00
2024-01-05 20:00:00+00:00,84.0,0.013231733799310863,0.40875714791905793,0.20647951220590643,1.7632574464443076,1.3902241578920527,-0.038788254081493445,10.538168257335489,0.6,0.0001662449942626725,4.246517374290759,5.632515652293238,0.06705375776539568,0.8294700058263201,1.0,0.006759018782751886,2024-01-19 16:00:00+00:00
2024-01-06 00:00:00+00:00,84.0,0.012082824961581862,0.36769734530579146,0.2065834946371166,1.619267826152342,1.2989973291590382,-0.038788254081493445,9.479605463377283,0.5915492957746479,0.0001527461215890401,3.8492609185225026,5.632515652293239,0.0670537577653957,0.841374767731082,1.0,0.006759018782751886,2024-01-19 20:00:00+00:00
2024-01-06 04:00:00+00:00,84.0,0.016152210922420585,0.5185356138896344,0.20751190671406047,2.1171897999995264,1.706069682393733,-0.038788254081493445,13.368366949442997,0.5972222222222222,0.0002006128275221288,5.32809489779025,5.632515652293239,0.0670537577653957,0.8532795296358439,1.0,0.006759018782751886,2024-01-20 00:00:00+00:00
2024-01-06 08:00:00+00:00,84.0,0.01711948023432419,0.5566746225570753,0.20754415498502254,2.23643653946731,1.8024409171004492,-0.038788254081493445,14.35162875306302,0.6027397260273972,0.0002119449003476579,5.697395954599278,6.222139756532508,0.07407309233967271,0.8651842915406058,1.0,0.007466567707839011,2024-01-20 04:00:00+00:00
2024-01-06 12:00:00+00:00,84.0,0.011503690855893423,0.34743891573427366,0.20957314812750663,1.5279246733047116,1.2433198876389324,-0.038788254081493445,8.95732287935184,0.5945945945945946,0.00014621551775623765,3.6429022208525383,6.222139756532508,0.07407309233967271,0.8770890534453677,1.0,0.007466567707839011,2024-01-20 08:00:00+00:00
2024-01-06 16:00:00+00:00,84.0,0.01692426860471552,0.5489040707631883,0.2112341279892553,2.1773325932747345,1.7858055121756007,-0.038788254081493445,14.151296152952654,0.6,0.0002100123067045536,5.612910828738457,6.22213975653251,0.07407309233967274,0.8889938153501296,1.0,0.007466567707839011,2024-01-20 12:00:00+00:00
2024-01-06 20:00:00+00:00,84.0,0.011336120387827275,0.34163124109766363,0.21320865244448656,1.4852146890259015,1.2295902338822569,-0.038788254081493445,8.807595216322508,0.5921052631578947,0.00014459389152418704,3.5796790651574253,6.22213975653251,0.07407309233967274,0.9008985772548915,1.0,0.007466567707839011,2024-01-20 16:00:00+00:00
2024-01-07 00:00:00+00:00,84.0,0.01837188933445777,0.6074268355827219,0.21599137619085032,2.305819211731167,1.9338732623632144,-0.038788254081493445,15.660071585241468,0.5974025974025974,0.00022741418483521297,6.163316544037076,6.222139756532509,0.07407309233967273,0.9128033391596534,1.0,0.007466567707839012,2024-01-20 20:00:00+00:00
2024-01-07 04:00:00+00:00,84.0,0.020456030088275456,0.6954300227967503,0.2161848804562044,2.5505638271749573,2.1410551644981846,-0.038788254081493445,17.92888180364251,0.6025641025641025,0.00025177777902910377,7.000255755044514,6.222139756532509,0.07407309233967273,0.9247081010644154,1.0,0.007466567707839012,2024-01-21 00:00:00+00:00
2024-01-07 08:00:00+00:00,84.0,0.023304981030568328,0.823253012299118,0.21656417395369765,2.882197026590107,2.4236875000491866,-0.038788254081493445,21.224286366936695,0.6075949367088608,0.00028501398092935617,8.201420018077716,6.807951602838724,0.08104704289093718,0.9366128629691772,1.0,0.00816954192340647,2024-01-21 04:00:00+00:00
2024-01-07 12:00:00+00:00,84.0,0.02813765505016108,1.0615491891268012,0.21772553231833078,3.4323301148985657,2.901781822313639,-0.038788254081493445,27.36780023397044,0.6125,0.00034123557139658793,10.400751833586156,6.807951602838724,0.08104704289093718,0.9485176248739391,1.0,0.00816954192340647,2024-01-21 08:00:00+00:00
2024-01-07 16:00:00+00:00,84.0,0.031221946093014763,1.2289973146641793,0.21813496212473688,3.7844327536333178,3.2054751568542654,-0.038788254081493445,31.68478045137266,0.6172839506172839,0.0003769484453778161,11.9229540242435,6.807951602838724,0.08104704289093718,0.9604223867787011,1.0,0.00816954192340647,2024-01-21 12:00:00+00:00
2024-01-07 20:00:00+00:00,84.0,0.030992615654164224,1.2161096661131343,0.21814790119522534,3.757630222333996,3.23380722270489,-0.038788254081493445,31.352523976926342,0.6097560975609756,0.00037430098012324617,11.826569148860056,6.807951602838724,0.08104704289093718,0.9723271486834629,1.0,0.00816954192340647,2024-01-21 16:00:00+00:00
2024-01-08 00:00:00+00:00,84.0,0.031380314742658344,1.2379391723022217,0.2181394286832335,3.802719977953908,3.2724842512992462,-0.038788254081493445,31.915310488101195,0.6144578313253012,0.00037877770019780074,12.02440284033623,6.807951602838724,0.08104704289093718,0.9842319105882249,1.0,0.00816954192340647,2024-01-21 20:00:00+00:00
2024-01-08 04:00:00+00:00,84.0,0.031973093267226194,1.2717160029726817,0.21813291473499452,3.8715272897415747,3.331597863703868,-0.038788254081493445,32.78611097836032,0.6190476190476191,0.0003856198777111431,12.329930625912114,6.807951602838724,0.08104704289093718,0.9961366724929868,1.0,0.00816954192340647,2024-01-22 00:00:00+00:00
2024-01-08 08:00:00+00:00,84.0,0.03650664127762848,1.5467517266107862,0.21655011340337574,4.426193506670191,3.8280175452704217,-0.038788254081493556,39.87680712210154,0.6190476190476191,0.00043766790219849997,14.822107206739688,5.807951602838724,0.06914228098617528,0.9961366724929868,1.0,0.00696954192340647,2024-01-22 04:00:00+00:00
2024-01-08 12:00:00+00:00,84.0,0.033585054319782204,1.3660639053387547,0.2148135312382042,4.117516890781445,3.5324996801242405,-0.0318904769211561,42.8361077420109,0.6190476190476191,0.0004038805220281796,15.4990872618874,5.807951602838724,0.06914228098617528,0.9961366724929868,1.0,0.00696954192340647,2024-01-22 08:00:00+00:00
2024-01-08 16:00:00+00:00,84.0,0.036602939501368725,1.5529276728771086,0.21256321451283974,4.51658389880843,3.908463966944712,-0.03189047692115621,48.69565534301851,0.6190476190476191,0.0004383833754098879,17.527057359325966,5.807951602838724,0.06914228098617528,0.9961366724929868,1.0,0.0069695419234064694,2024-01-22 12:00:00+00:00
2024-01-08 20:00:00+00:00,84.0,0.034346966738584284,1.4119592393098106,0.212895363635297,4.242951665102318,3.7267426211338517,-0.028147472603616164,50.16291370786922,0.6071428571428571,0.0004124679167255465,17.812456660345003,5.807951602838724,0.06914228098617528,0.9961366724929868,1.0,0.0069695419234064694,2024-01-22 16:00:00+00:00
2024-01-09 00:00:00+00:00,84.0,0.03881301440720941,1.6986910635246706,0.21068281290591923,4.818669724886584,4.26671342414707,-0.028147472603616608,60.34968352030333,0.6071428571428571,0.0004635666173989486,21.2571913432158,5.807951602838724,0.06914228098617528,0.9961366724929868,1.0,0.00696954192340647,2024-01-22 20:00:00+00:00
2024-01-09 04:00:00+00:00,84.0,0.030562290978563666,1.1921198955597738,0.21297433683996014,3.792541516778469,3.377422008513975,-0.0250661858930461,47.55888672677934,0.5952380952380952,0.00036881918469128353,16.75639727647293,5.807951602838724,0.06914228098617528,0.9961366724929868,1.0,0.00696954192340647,2024-01-23 00:00:00+00:00
2024-01-09 08:00:00+00:00,84.0,0.03833705371981422,1.6666387558469542,0.2112870392592032,4.748920738034238,4.197065360115547,-0.02506618589304599,66.4895234942514,0.6071428571428571,0.00045816685041821196,23.05035941373191,5.765817414546513,0.06864068350650611,0.9961168437906752,1.0,0.006918980897455816,2024-01-23 04:00:00+00:00
2024-01-09 12:00:00+00:00,84.0,0.04127427675493456,1.8704387858179654,0.2122323678642724,5.075879869209832,4.50610086274798,-0.0250661858930461,74.61999977973775,0.6071428571428571,0.0004919022847657516,25.711204239783466,5.765817414546513,0.06864068350650611,0.9960970150883638,1.0,0.006918980897455816,2024-01-23 08:00:00+00:00
2024-01-09 16:00:00+00:00,84.0,0.053292971040931114,2.8715911851914124,0.20988326591263662,6.556666822113,5.82842598409819,-0.025066185893045878,114.56035622827162,0.6190476190476191,0.0006283719845324679,38.66647730875466,5.765817414546513,0.06864068350650611,0.9960771863860522,1.0,0.006918980897455816,2024-01-23 12:00:00+00:00
2024-01-09 20:00:00+00:00,84.0,0.05677761874316123,3.2197516688377297,0.21033904214253105,6.952568826575384,6.193776720465605,-0.02506618589304621,128.45000362543965,0.6190476190476191,0.0006677610353478937,43.09828242379075,5.765817414546513,0.06864068350650611,0.9960573576837407,1.0,0.006918980897455816,2024-01-23 16:00:00+00:00
2024-01-10 00:00:00+00:00,84.0,0.055399873281859024,3.0786423623123333,0.21096241497245274,6.771319240037463,6.019387608462431,-0.02506618589304621,122.82053502070299,0.6190476190476191,0.0006522803011085554,41.285311321607104,5.765817414546513,0.06864068350650611,0.9960375289814293,1.0,0.006918980897455816,2024-01-23 20:00:00+00:00
2024-01-10 04:00:00+00:00,84.0,0.05177517733427317,2.728737090884354,0.2129212538963016,6.289459114993966,5.550905654820182,-0.0250661858930461,108.86128039293622,0.6190476190476191,0.0006114883657963646,36.765584114307124,5.765817414546513,0.06864068350650611,0.9960177002791177,1.0,0.006918980897455816,2024-01-24 00:00:00+00:00
2024-01-10 08:00:00+00:00,84.0,0.06124732601586014,3.710596194920054,0.21485321517830838,7.323467309048706,6.435579168474963,-0.02506618589304621,148.0319427436081,0.6309523809523809,0.0007184796792704787,49.18085468318703,5.091610620313533,0.06061441214658968,0.9960504127281243,1.0,0.006109932744376241,2024-01-24 04:00:00+00:00
2024-01-10 12:00:00+00:00,84.0,0.07243681964183502,5.192043889429998,0.21494909798615233,8.593443251253332,7.5183086154222645,-0.025066185893045878,207.13338325917502,0.6428571428571429,0.0008434488015762976,67.7253713992974,5.091610620313533,0.06061441214658968,0.9960831251771309,1.0,0.006109932744376241,2024-01-24 08:00:00+00:00
2024-01-10 16:00:00+00:00,84.0,0.07822944071735338,6.125696937241,0.21904252873818505,9.0786013000711,8.094027897585201,-0.02506618589304599,244.38089477906678,0.6428571428571429,0.0009080364320426245,79.27545998277544,5.091610620313533,0.06061441214658968,0.9961158376261374,1.0,0.006109932744376241,2024-01-24 12:00:00+00:00
2024-01-10 20:00:00+00:00,84.0,0.07487328386877157,5.5694466128543585,0.22035344002374943,8.656721623499074,7.687483850112545,-0.0250661858930461,222.18963174606642,0.6428571428571429,0.0008710220954639259,72.32889955091467,5.091610620313533,0.06061441214658968,0.996148550075144,1.0,0.006109932744376241,2024-01-24 16:00:00+00:00
2024-01-11 00:00:00+00:00,84.0,0.07810998988141904,6.105144318294222,0.22088664451128373,8.991556955371193,8.004151256623315,-0.025066185893045878,243.56096074385113,0.6428571428571429,0.0009069017556182819,78.96741581241602,5.091610620313533,0.06061441214658968,0.9961812625241506,1.0,0.006109932744376241,2024-01-24 20:00:00+00:00
2024-01-11 04:00:00+00:00,84.0,0.09078440447672098,8.636238857536577,0.21638112421740463,10.583794586959916,9.448634667402079,-0.02506618589304621,344.5374136450659,0.6547619047619048,0.0010457230005536384,110.31581633656857,5.091610620313533,0.06061441214658968,0.9962139749731572,1.0,0.006109932744376241,2024-01-25 00:00:00+00:00
2024-01-11 08:00:00+00:00,84.0,0.0928212324668578,9.116510621268848,0.2164121009878673,10.807294859601097,9.649544738656592,-0.0250661858930461,363.69755894126536,0.6547619047619048,0.0010679586240007542,116.21127403572258,4.0414982978915805,0.04811307497489977,0.9964631841419764,1.0,0.004849797957469898,2024-01-25 04:00:00+00:00
2024-01-11 12:00:00+00:00,84.0,0.08374503549895995,7.139541492637461,0.2133757947986607,9.937980278869832,8.8982413332694,-0.02506618589304599,284.82759695076527,0.6428571428571429,0.0009682760003183863,91.98896970219829,4.0414982978915805,0.04811307497489977,0.9967123933107955,1.0,0.004849797957469898,2024-01-25 08:00:00+00:00
2024-01-11 16:00:00+00:00,84.0,0.08171180561385971,6.750636137620949,0.21308571443177704,9.721238036421358,8.69234210083812,-0.0250661858930461,269.3124580829715,0.6428571428571429,0.000945870754407402,87.1870456761531,4.0414982978915805,0.04811307497489977,0.9969616024796147,1.0,0.004849797957469898,2024-01-25 12:00:00+00:00
2024-01-11 20:00:00+00:00,84.0,0.07531375594019396,5.639995034714663,0.21071780341401067,9.093456582712674,8.04064940124437,-0.02506618589304599,225.00411745048712,0.6428571428571429,0.0008749557975113655,73.44553197045768,4.0414982978915805,0.04811307497489977,0.9972108116484341,1.0,0.004849797957469898,2024-01-25 16:00:00+00:00
2024-01-12 00:00:00+00:00,84.0,0.07780077150197351,6.052204887008911,0.21172645186932762,9.335857175338234,8.294500096325079,-0.025066185893045878,241.44897483936626,0.6428571428571429,0.0009025789565722225,78.55324964294138,4.0414982978915805,0.04811307497489977,0.9974600208172534,1.0,0.004849797957469898,2024-01-25 20:00:00+00:00
2024-01-12 04:00:00+00:00,84.0,0.07557949138051034,5.682908425615354,0.21212456400110977,9.064944701360446,8.186954975510565,-0.024370988075548827,233.1833411102835,0.6309523809523809,0.0008780353618585638,75.94926773369741,4.0414982978915805,0.04811307497489977,0.9977092299860725,1.0,0.004849797957469898,2024-01-26 00:00:00+00:00
2024-01-12 08:00:00+00:00,84.0,0.08558271973054454,7.507134784813429,0.21288188472127673,10.168237397087058,9.120332312933888,-0.024370988075548827,308.03571695746155,0.6428571428571429,0.000988417142185051,99.10931923153814,4.0414982978915805,0.04811307497489977,0.9979584391548917,1.0,0.004849797957469898,2024-01-26 04:00:00+00:00
2024-01-12 12:00:00+00:00,84.0,0.08691763854565182,7.784115238112708,0.2128624700823841,10.319814086660001,9.255443842444624,-0.02437098807554905,319.4008882193153,0.6428571428571429,0.001003059870902936,102.61838822877043,4.0414982978915805,0.04811307497489977,0.998207648323711,1.0,0.004849797957469898,2024-01-26 08:00:00+00:00
2024-01-12 16:00:00+00:00,84.0,0.08820735175089123,8.059939691858492,0.21310460759497327,10.45355735473471,9.386057822964784,-0.02400133458005782,335.81214681934057,0.6428571428571429,0.001017215177192825,107.6341343814085,4.0414982978915805,0.04811307497489977,0.9984568574925302,1.0,0.004849797957469898,2024-01-26 12:00:00+00:00
2024-01-12 20:00:00+00:00,84.0,0.08495860464385308,7.38053786777278,0.21415000288667385,10.03920960441786,8.993404206288972,-0.019240257288145268,383.59870958275803,0.6428571428571429,0.0009816880208977207,121.68873743866835,4.0414982978915805,0.04811307497489977,0.9987060666613494,1.0,0.004849797957469898,2024-01-26 16:00:00+00:00
2024-01-13 00:00:00+00:00,84.0,0.09371070926354341,9.333390155552987,0.21231442010964843,11.111764623126637,9.852462052300009,-0.015052455949594923,620.0576295859652,0.6547619047619048,0.0010772547316685104,193.29180308364755,4.0414982978915805,0.04811307497489977,0.9989552758301685,1.0,0.004849797957469898,2024-01-26 20:00:00+00:00
2024-01-13 04:00:00+00:00,84.0,0.10517936135784156,12.562953069936945,0.20547843250336786,12.79950811104086,11.469646967055509,-0.015052455949594923,834.6115153570688,0.6666666666666666,0.0012009236819501454,258.8111658272551,4.0414982978915805,0.04811307497489977,0.9992044849989877,1.0,0.004849797957469898,2024-01-27 00:00:00+00:00
2024-01-13 08:00:00+00:00,84.0,0.1063420988052941,12.93992262526779,0.2055133657918466,12.930925108990406,11.589379788390753,-0.015052455949594812,859.6552395568453,0.6666666666666666,0.0012134602474661732,266.411601315107,3.640723523095855,0.04334194670352208,0.9973171161458674,1.0,0.004368868227715026,2024-01-27 04:00:00+00:00
2024-01-13 12:00:00+00:00,84.0,0.11954146454943548,17.990991254442395,0.19582193551242996,15.141942598261858,14.005225519408869,-0.01505245594959459,1195.2196581533228,0.6785714285714286,0.0013539381310546802,368.71057043323896,3.640723523095855,0.04334194670352208,0.995429747292747,1.0,0.004368868227715026,2024-01-27 08:00:00+00:00
2024-01-13 16:00:00+00:00,84.0,0.11115356057749204,14.609741673432127,0.19631228200580325,14.104544288616504,13.21512703454103,-0.0150524559495947,970.5885685601695,0.6666666666666666,0.001264335742443025,300.69398466845223,3.640723523095855,0.04334194670352208,0.9935423784396265,1.0,0.004368868227715026,2024-01-27 12:00:00+00:00
2024-01-13 20:00:00+00:00,84.0,0.10878590339853766,13.765341626719865,0.19725438038356005,13.755836132830753,12.848870861878956,-0.015052455949594812,914.4914074364327,0.6666666666666666,0.0012389949465932953,283.6137214155306,3.640723523095855,0.04334194670352208,0.9916550095865061,1.0,0.004368868227715026,2024-01-27 16:00:00+00:00
2024-01-14 00:00:00+00:00,84.0,0.10763428486170246,13.370679818032635,0.1964744242664646,13.6716033242712,12.719697651234014,-0.0150524559495947,888.2723100340746,0.6666666666666666,0.0012265389917514463,275.6710530679974,3.640723523095855,0.04334194670352208,0.9897676407333859,1.0,0.004368868227715026,2024-01-27 20:00:00+00:00
2024-01-14 04:00:00+00:00,84.0,0.10526217441217756,12.589474266909336,0.19617805744349187,13.406698419690434,12.454422208083637,-0.015052455949594812,836.373433615544,0.6666666666666666,0.0012009589281760738,259.91580849380375,3.640723523095855,0.04334194670352208,0.9878802718802655,1.0,0.004368868227715026,2024-01-28 00:00:00+00:00
2024-01-14 08:00:00+00:00,84.0,0.10257533463551605,11.753936630493065,0.19822193748542513,12.950001498905115,11.895739695649938,-0.015052455949594923,780.8650408845326,0.6666666666666666,0.001172134423539786,242.9028085932913,4.050293725746155,0.04821778244935898,0.9878802718802655,1.0,0.004860352470895387,2024-01-28 04:00:00+00:00
2024-01-14 12:00:00+00:00,84.0,0.10115408637629941,11.332173163308264,0.19798589705511108,12.795154617617596,11.73950299211123,-0.0150524559495947,752.8454626444791,0.6666666666666666,0.0011567398013369254,234.3879863754735,4.050293725746155,0.04821778244935898,0.9878802718802656,1.0,0.004860352470895387,2024-01-28 08:00:00+00:00
2024-01-14 16:00:00+00:00,84.0,0.11481322949355821,16.006954098833084,0.1880605380430598,15.17137602229526,14.51019454720143,-0.015052455949594812,1063.411456072985,0.6785714285714286,0.0013028023459390058,329.3789274474646,4.050293725746155,0.04821778244935898,0.9878802718802656,1.0,0.004860352470895387,2024-01-28 12:00:00+00:00
2024-01-14 20:00:00+00:00,84.0,0.1071694099327809,13.214257531332098,0.18620023930299157,14.356521297664344,13.843553879466151,-0.015052455949594923,877.8804984104742,0.6666666666666666,0.001220633653508491,273.20852746422804,4.050293725746155,0.04821778244935898,0.9878802718802656,1.0,0.004860352470895387,2024-01-28 16:00:00+00:00
2024-01-15 00:00:00+00:00,84.0,0.11240262382350918,15.07372550677767,0.18669081203685822,14.978630813276444,14.222594790865392,-0.015052455949594923,1001.4130290268891,0.6785714285714286,0.001276882534123692,310.60653586839584,4.0502937257461555,0.048217782449358995,0.9878802718802656,1.0,0.004860352470895386,2024-01-28 20:00:00+00:00
2024-01-15 04:00:00+00:00,84.0,0.1112706374365744,14.652678630158078,0.18572137606799302,14.912747677243562,14.086507736302046,-0.0150524559495947,973.4410570092127,0.6785714285714286,0.001264664849119836,302.1407445004577,4.0502937257461555,0.048217782449358995,0.9878802718802656,1.0,0.004860352470895386,2024-01-29 00:00:00+00:00
2024-01-15 08:00:00+00:00,84.0,0.13096938131657798,23.747991111305222,0.19469763693220127,16.58999446764632,16.364601847494303,-0.0150524559495947,1577.682153053878,0.6904761904761905,0.0014749007851913383,484.827484995455,4.552051861381564,0.05419109358787576,0.987293758625915,1.0,0.005462462233657878,2024-01-29 04:00:00+00:00
2024-01-15 12:00:00+00:00,84.0,0.12159388007622396,18.91985128908258,0.20333356361343718,14.825034227889667,13.747786170012743,-0.015052455949594923,1256.9278629638993,0.6904761904761905,0.001376450703309583,387.0249836255418,4.552051861381564,0.05419109358787576,0.9867072453715642,1.0,0.005462462233657878,2024-01-29 08:00:00+00:00
2024-01-15 16:00:00+00:00,84.0,0.1313667626715327,23.975697643243343,0.2069495361924511,15.664077057443507,14.78418063114934,-0.015052455949594812,1592.8096865740192,0.6904761904761905,0.001480216201790296,488.45580134189856,4.552051861381565,0.05419109358787577,0.9861207321172135,1.0,0.005462462233657877,2024-01-29 12:00:00+00:00
2024-01-15 20:00:00+00:00,84.0,0.13109203120182356,23.818057800379574,0.2069838463936689,15.630879129880446,14.755293404283773,-0.0150524559495947,1582.3369874084165,0.6904761904761905,0.0014773239656699448,485.2924773232026,4.552051861381565,0.05419109358787577,0.9855342188628627,1.0,0.005462462233657877,2024-01-29 16:00:00+00:00
2024-01-16 00:00:00+00:00,84.0,0.13094310530368714,23.73300507024317,0.20698541505379103,15.614152346739827,14.739615301157512,-0.015052455949594923,1576.6865652831789,0.6904761904761905,0.0014757542484945517,483.58606140943857,4.552051861381564,0.05419109358787576,0.9849477056085121,1.0,0.005462462233657877,2024-01-29 20:00:00+00:00
2024-01-16 04:00:00+00:00,84.0,0.13183482882477748,24.24649241249747,0.20725212176329127,15.693619204752213,14.833720361630412,-0.015052455949594812,1610.7997587696077,0.6904761904761905,0.0014851762001506993,493.8815015369601,4.552051861381564,0.05419109358787576,0.9843611923541614,1.0,0.005462462233657877,2024-01-30 00:00:00+00:00
2024-01-16 08:00:00+00:00,84.0,0.13249986934109437,24.63610511712975,0.20693729696042693,15.791294396599652,14.946080340175694,-0.015052455949594812,1636.683422268571,0.6904761904761905,0.0014921496702916292,501.7208471356214,4.434253912539573,0.05278873705404254,0.983850978169419,1.0,0.005321104695047488,2024-01-30 04:00:00+00:00
2024-01-16 12:00:00+00:00,84.0,0.13978001169348242,29.297416285756615,0.21134100943657563,16.258265333907364,15.715521410333986,-0.0150524559495947,1946.35456060215,0.6904761904761905,0.001568967217970624,595.0700563449508,4.434253912539573,0.05278873705404254,0.9833407639846766,1.0,0.005321104695047488,2024-01-30 08:00:00+00:00
2024-01-16 16:00:00+00:00,84.0,0.13959019763986924,29.166144509022836,0.2113142739688275,16.23971497853209,15.695604508085712,-0.015052455949594923,1937.6336065482874,0.6904761904761905,0.0015669788037210963,592.4402382612801,4.434253912539573,0.05278873705404254,0.9828305497999342,1.0,0.005321104695047488,2024-01-30 12:00:00+00:00
2024-01-16 20:00:00+00:00,84.0,0.13848322540118607,28.411411533543895,0.21111380095192436,16.134730641106714,15.5793435664626,-0.0150524559495947,1887.4934182623463,0.6904761904761905,0.0015553718324107385,577.3201820976209,4.434253912539573,0.05278873705404254,0.9823203356151918,1.0,0.005321104695047488,2024-01-30 16:00:00+00:00
2024-01-17 00:00:00+00:00,84.0,0.14281001574308227,31.468781400469858,0.21221419570936753,16.51891645283514,16.03344324681801,-0.0150524559495947,2090.60777230291,0.6904761904761905,0.001600707109145501,638.5513839254508,4.434253912539573,0.05278873705404254,0.9818101214304494,1.0,0.005321104695047488,2024-01-30 20:00:00+00:00
2024-01-17 04:00:00+00:00,84.0,0.1438558835217718,32.252434641253615,0.2124763187745612,16.611221745587734,16.142950662982162,-0.0150524559495947,2142.6692593723906,0.6904761904761905,0.0016116398387444849,654.2413246005863,4.434253912539573,0.05278873705404254,0.981299907245707,1.0,0.005321104695047488,2024-01-31 00:00:00+00:00
2024-01-17 08:00:00+00:00,84.0,0.14177330305635127,30.709532258323293,0.21416357825459076,16.25984533863497,15.62945287946363,-0.015052455949594812,2040.167555457948,0.6904761904761905,0.001590076100268627,623.1800013907604,4.282261536640993,0.05097930400763087,0.9812999072457073,1.0000000000000002,0.005138713843969193,2024-01-31 04:00:00+00:00
2024-01-17 12:00:00+00:00,84.0,0.13544782280144108,26.43388047929653,0.21904850551923116,15.239853727620178,14.2307175508639,-0.015419575214641101,1714.3066596411288,0.6904761904761905,0.001524322914779399,524.5562410309702,4.282261536640993,0.05097930400763087,0.9812999072457074,1.0000000000000002,0.005138713843969193,2024-01-31 08:00:00+00:00
2024-01-17 16:00:00+00:00,84.0,0.12033336732825206,18.344336987179396,0.22762096109851251,13.137238642324759,11.977556040041485,-0.02598457530317455,705.9702447758789,0.6785714285714286,0.0013654387607061548,220.52326744147769,4.282261536640993,0.05097930400763087,0.9812999072457074,1.0000000000000002,0.005138713843969192,2024-01-31 12:00:00+00:00
2024-01-17 20:00:00+00:00,84.0,0.10989098939280151,14.153842695412823,0.2279108389535398,12.048190978918381,11.104738375892946,-0.02953738195514488,479.1840629919971,0.6666666666666666,0.0012538416958345927,151.81157154163182,4.282261536640993,0.05097930400763087,0.9812999072457074,1.0000000000000002,0.005138713843969192,2024-01-31 16:00:00+00:00
2024-01-18 00:00:00+00:00,84.0,0.1097928161177677,14.118935168912296,0.2279231471049745,12.037421663159384,11.29180536675115,-0.029544426729432804,477.88827646625833,0.6547619047619048,0.0012527885974871612,151.49443158552577,4.282261536640993,0.05097930400763087,0.9812999072457074,1.0000000000000002,0.005138713843969192,2024-01-31 20:00:00+00:00
2024-01-18 04:00:00+00:00,84.0,0.10525372807556455,12.58676701319088,0.22714788820427453,11.60674844832972,10.850774863631843,-0.029544426729433027,426.02847327044503,0.6547619047619048,0.0012038577164184183,135.63087646108517,4.282261536640993,0.05097930400763087,0.9812999072457074,1.0000000000000002,0.005138713843969192,2024-02-01 00:00:00+00:00
2024-01-18 08:00:00+00:00,84.0,0.10577849751327029,12.755956952163645,0.22652589206861304,11.69268732875641,10.96937759151233,-0.0385375190143723,331.0009901625063,0.6547619047619048,0.0012094504236648009,107.19585428398375,5.065035402320995,0.06029804050382137,0.9812999072457076,1.0000000000000002,0.006078042482785195,2024-02-01 04:00:00+00:00
2024-01-18 12:00:00+00:00,84.0,0.09937179219256898,10.822198000651804,0.2283033459152754,10.939089245023537,10.390369468603577,-0.04276633492597459,253.05413754496942,0.6428571428571429,0.0011403793040660627,83.3541158244393,5.065035402320995,0.06029804050382137,0.9812999072457076,1.0000000000000002,0.006078042482785195,2024-02-01 08:00:00+00:00
2024-01-18 16:00:00+00:00,84.0,0.10735933981133283,13.277966771931508,0.22538130302435241,11.916371853586437,11.240062835961192,-0.04276633492597448,310.4770795747341,0.6547619047619048,0.0012263595505406523,101.21406056288063,5.065035402320995,0.06029804050382137,0.9812999072457076,1.0000000000000002,0.006078042482785194,2024-02-01 12:00:00+00:00
2024-01-18 20:00:00+00:00,84.0,0.10355001806974018,12.051161098282321,0.22509968505315575,11.53140397261365,10.863352720569134,-0.04276633492597459,281.79083195092596,0.6547619047619048,0.0011852581746374618,92.34201186528954,5.065035402320995,0.06029804050382137,0.9812999072457076,1.0000000000000002,0.006078042482785194,2024-02-01 16:00:00+00:00
2024-01-19 00:00:00+00:00,84.0,0.0956299210361522,9.816683460555621,0.2255625056293661,10.674728580067836,10.188139093657195,-0.044261289733662945,221.78936763086546,0.6428571428571429,0.001099460513896578,73.81448450074286,5.065035402320996,0.060298040503821385,0.9812999072457076,1.0000000000000002,0.006078042482785195,2024-02-01 20:00:00+00:00
2024-01-19 04:00:00+00:00,84.0,0.09246639688174829,9.031218893935892,0.22406325849813133,10.407838518878458,9.867390301216119,-0.04426128973366272,204.04328360696726,0.6428571428571429,0.001064846672357202,68.28229275824016,5.065035402320996,0.060298040503821385,0.9812999072457076,1.0000000000000002,0.006078042482785195,2024-02-02 00:00:00+00:00
2024-01-19 08:00:00+00:00,84.0,0.08608937233432346,7.611255811325869,0.22183527415220347,9.82139065663184,9.218806612286793,-0.044261289733662834,171.96190750711776,0.6428571428571429,0.000994854287155166,58.2225120940396,5.872910619113225,0.06991560260849077,0.9810031564246189,1.0000000000000002,0.00704749274293587,2024-02-02 04:00:00+00:00
2024-01-19 12:00:00+00:00,84.0,0.0849621863750949,7.381259198646704,0.22220319230798377,9.683542155730855,9.079503346455851,-0.044261289733662945,166.76556971255368,0.6428571428571429,0.000982517799019329,56.566534899067705,5.872910619113225,0.06991560260849077,0.9807064056035302,1.0000000000000002,0.00704749274293587,2024-02-02 08:00:00+00:00
2024-01-19 16:00:00+00:00,84.0,0.07229849712033842,5.171255635889132,0.22183491111218423,8.318170710143454,7.8039424871766,-0.046045703151248785,112.30701850513243,0.6309523809523809,0.0008425847763016654,39.3091337594534,5.872910619113225,0.06991560260849077,0.9804096547824415,1.0000000000000002,0.00704749274293587,2024-02-02 12:00:00+00:00
2024-01-19 20:00:00+00:00,84.0,0.07153608436944747,5.057872936492672,0.22165947757022553,8.240851060849826,7.725288508851677,-0.046045703151248674,109.84462371828307,0.6309523809523809,0.0008340925757452107,38.51575783728054,5.872910619113225,0.06991560260849077,0.9801129039613528,1.0000000000000002,0.00704749274293587,2024-02-02 16:00:00+00:00
2024-01-20 00:00:00+00:00,84.0,0.07072329166656366,4.9392048597088545,0.22186811933325334,8.144068643339452,7.630704088643127,-0.04604570315124901,107.26744346773813,0.6309523809523809,0.0008250726911500658,37.67573526878053,5.872910619113224,0.06991560260849077,0.979816153140264,1.0000000000000002,0.00704749274293587,2024-02-02 20:00:00+00:00
2024-01-20 04:00:00+00:00,84.0,0.06629469309921765,4.330889413923015,0.2213091208937734,7.6754273005299245,7.288187588398381,-0.046045703151248896,94.05632051479593,0.6190476190476191,0.0007756356476549523,33.434799379957106,5.872910619113224,0.06991560260849077,0.9795194023191756,1.0000000000000002,0.00704749274293587,2024-02-03 00:00:00+00:00
2024-01-20 08:00:00+00:00,84.0,0.06929453419938914,4.736003413452964,0.22182851662557238,7.988420522501422,7.603192049611345,-0.04604570315124845,102.85440528286416,0.6190476190476191,0.0008091595774830002,36.29412456145421,5.917512756675946,0.0704465804366184,0.9795194023191756,1.0000000000000002,0.007101015308011136,2024-02-03 04:00:00+00:00
2024-01-20 12:00:00+00:00,84.0,0.08397787684287272,7.185257454919242,0.2224956359965796,9.564639539156378,9.164692924504005,-0.04604570315124901,156.0462098128333,0.6309523809523809,0.0009717308481016576,53.34913197539851,5.917512756675946,0.0704465804366184,0.9795194023191756,1.0000000000000002,0.007101015308011136,2024-02-03 08:00:00+00:00
2024-01-20 16:00:00+00:00,84.0,0.0898287457931859,8.418531126165847,0.2269455256833255,10.000494947669795,9.77396845156195,-0.04604570315124845,182.82989616888048,0.6309523809523809,0.0010363322296768776,61.75870471558986,5.917512756675946,0.0704465804366184,0.9795194023191757,1.0000000000000002,0.007101015308011135,2024-02-03 12:00:00+00:00
2024-01-20 20:00:00+00:00,84.0,0.08857930285836524,8.141022034216041,0.2278729110723547,9.82934751752957,9.55972774901343,-0.04604570315124934,176.80307774809503,0.6309523809523809,0.0010227589190690803,59.81361867929276,5.917512756675946,0.0704465804366184,0.9795194023191756,1.0000000000000002,0.007101015308011135,2024-02-03 16:00:00+00:00
2024-01-21 00:00:00+00:00,84.0,0.07385735039674457,5.409467051248061,0.22910643397577785,8.226739516114554,7.949304215710615,-0.046045703151248896,117.4803875505882,0.6190476190476191,0.0008606387916824756,40.891859806295074,5.917512756675945,0.0704465804366184,0.9795194023191757,1.0000000000000002,0.007101015308011136,2024-02-03 20:00:00+00:00
2024-01-21 04:00:00+00:00,84.0,0.07122113206993208,5.011621672258609,0.22911466916752257,7.946523381209152,7.79706147141963,-0.046045703151248785,108.84015943456585,0.6071428571428571,0.000831353915761515,38.15482943330035,5.917512756675945,0.0704465804366184,0.9795194023191756,1.0000000000000002,0.007101015308011136,2024-02-04 00:00:00+00:00
2024-01-21 08:00:00+00:00,84.0,0.06786503417795053,4.539395939933173,0.2289686432021881,7.593861536145904,7.557701246852602,-0.046045703151248896,98.58457205056388,0.5952380952380952,0.0007939525902267632,34.876610574753975,5.7892479130955365,0.0689196180130421,0.979005449153522,1.0000000000000002,0.006947097495714644,2024-02-04 04:00:00+00:00
2024-01-21 12:00:00+00:00,84.0,0.06025723825281326,3.597349124701724,0.22864868637506272,6.788310105797229,6.820470861186057,-0.046045703151248785,78.125620383846,0.5833333333333334,0.0007087388988114609,28.20236749136739,5.7892479130955365,0.0689196180130421,0.9784914959878683,1.0000000000000002,0.006947097495714644,2024-02-04 08:00:00+00:00
2024-01-21 16:00:00+00:00,84.0,0.06085172369512026,3.66502873511838,0.22881336312657471,6.84750335597125,6.884899604738235,-0.046045703151248785,79.59545591213286,0.5833333333333334,0.0007154339141097209,28.68684762232653,5.7892479130955365,0.0689196180130421,0.9779775428222147,1.0000000000000002,0.006947097495714644,2024-02-04 12:00:00+00:00
2024-01-21 20:00:00+00:00,84.0,0.06229171497706054,3.8329600993698447,0.2287720186044899,7.003398192164802,6.9392751734515015,-0.04604570315124834,83.24251422069835,0.5952380952380952,0.0007315897449829119,29.84948379323955,5.7892479130955365,0.0689196180130421,0.9774635896565611,1.0000000000000002,0.006947097495714644,2024-02-04 16:00:00+00:00
2024-01-22 00:00:00+00:00,84.0,0.06347691244631748,3.9755244440333373,0.228796931090574,7.129817391489431,7.065306184075871,-0.046045703151248674,86.33866293614257,0.5952380952380952,0.0007448768668534171,30.866666571919946,5.7892479130955365,0.0689196180130421,0.9769496364909076,1.0000000000000002,0.006947097495714644,2024-02-04 20:00:00+00:00
2024-01-22 04:00:00+00:00,84.0,0.055952007504438184,3.1346385984346776,0.2317371087903947,6.2428465125077315,6.200789428712454,-0.04604570315124912,68.07667999201011,0.5833333333333334,0.0006605932426624384,24.776173722840333,5.7892479130955365,0.0689196180130421,0.976435683325254,1.0000000000000002,0.006947097495714644,2024-02-05 00:00:00+00:00
2024-01-22 08:00:00+00:00,84.0,0.06179956481732418,3.7749222003373166,0.23276474206817457,6.835290182872907,6.721906089930174,-0.046045703151248785,81.98207307069734,0.5952380952380952,0.0007264906650125743,29.33397141204314,6.785877484042256,0.08078425576240782,0.976435683325254,1.0000000000000002,0.008143052980850708,2024-02-05 04:00:00+00:00
2024-01-22 12:00:00+00:00,84.0,0.054639502841540954,3.0027197223477984,0.23277079965010844,6.076758660543063,6.037974607748463,-0.046045703151248674,65.21172480490984,0.5833333333333334,0.0006458867455229819,23.801734882735254,6.785877484042256,0.08078425576240782,0.976435683325254,1.0000000000000002,0.008143052980850708,2024-02-05 08:00:00+00:00
2024-01-22 16:00:00+00:00,84.0,0.05946017284480698,3.5080869057890913,0.23129243155266363,6.628521281160888,6.525775594121991,-0.046045703151248785,76.18706341101776,0.5952380952380952,0.0007000579016978441,27.454985645302393,6.785877484042256,0.08078425576240782,0.976435683325254,1.0000000000000002,0.008143052980850708,2024-02-05 12:00:00+00:00
2024-01-22 20:00:00+00:00,84.0,0.06027468218938825,3.599321525368347,0.23109956060177306,6.720619383502647,6.619971218643821,-0.046045703151248785,78.16845609992018,0.5952380952380952,0.0007091927792233884,28.114711132484373,6.785877484042256,0.08078425576240782,0.976435683325254,1.0000000000000002,0.008143052980850708,2024-02-05 16:00:00+00:00
2024-01-23 00:00:00+00:00,84.0,0.06320715019610934,3.942724247899286,0.2308039938812873,7.04114316117813,6.8344851611202175,-0.04604570315124856,85.62632293720063,0.6071428571428571,0.0007420657365706963,30.534033893961713,6.785877484042256,0.08078425576240782,0.9764356833252541,1.0000000000000002,0.008143052980850708,2024-02-05 20:00:00+00:00
2024-01-23 04:00:00+00:00,84.0,0.06641489174464543,4.346578608487499,0.22904818383335174,7.436506436757938,7.277011874120471,-0.04604570315124912,94.39705142975075,0.6071428571428571,0.0007777709102303359,33.46087210960079,6.785877484042256,0.08078425576240782,0.976435683325254,1.0000000000000002,0.008143052980850708,2024-02-06 00:00:00+00:00
2024-01-23 08:00:00+00:00,84.0,0.05768079238716872,3.3147900912618082,0.23136938209574687,6.436851520581198,6.327511090872022,-0.04612778146690044,71.86103441025831,0.5952380952380952,0.0006800412597986028,26.02037021560066,6.684973047374177,0.0795830124687402,0.9760656230131213,1.0000000000000002,0.008021967656849014,2024-02-06 04:00:00+00:00
2024-01-23 12:00:00+00:00,84.0,0.05190286873652994,2.740557334491961,0.23061983611548548,5.8373616418148595,5.800467961827623,-0.04697338632978898,58.34276701388227,0.5833333333333334,0.000614708395060349,21.574225781440187,6.684973047374177,0.0795830124687402,0.9756955627009883,1.0000000000000002,0.008021967656849014,2024-02-06 08:00:00+00:00
2024-01-23 16:00:00+00:00,84.0,0.03883025167327969,1.6998587852022387,0.23363475489486205,4.368807512979112,4.308698524576357,-0.05445675328791533,31.214838979015294,0.5714285714285714,0.0004660754668847975,12.398573357428864,6.684973047374177,0.0795830124687402,0.9753255023888556,1.0000000000000002,0.008021967656849014,2024-02-06 12:00:00+00:00
2024-01-23 20:00:00+00:00,84.0,0.03283848544007473,1.3219081256031613,0.23357844015122362,3.7238766387488096,3.7110753987040885,-0.0567023510585547,23.3131096140629,0.5595238095238095,0.0003971768477600587,9.595526035325149,6.684973047374177,0.0795830124687402,0.9749554420767227,1.0000000000000002,0.008021967656849014,2024-02-06 16:00:00+00:00
2024-01-24 00:00:00+00:00,84.0,0.0328442747889377,1.3222474676579052,0.23357578652599656,3.7245421822140896,3.7117826941143286,-0.060341436134594195,21.91276098746763,0.5595238095238095,0.00039724331947940986,9.175904028550248,6.684973047374177,0.0795830124687402,0.9745853817645899,1.0000000000000002,0.008021967656849014,2024-02-06 20:00:00+00:00
2024-01-24 04:00:00+00:00,84.0,0.04188551325092682,1.914693173161742,0.23179517265826696,4.732098881264571,4.700106653644598,-0.060341436134594195,31.730984474597783,0.5714285714285714,0.0005008573868578598,12.818967668216546,6.684973047374177,0.0795830124687402,0.9742153214524568,1.0000000000000002,0.008021967656849014,2024-02-07 00:00:00+00:00
2024-01-24 08:00:00+00:00,84.0,0.03845546463454608,1.6745784426952142,0.23000468820790454,4.39318155564418,4.329775261739189,-0.060341436134594084,27.75171673010893,0.5714285714285714,0.00046139376892541395,11.375379590421609,6.986659183878502,0.08317451409379169,0.9741286003463326,1.0000000000000002,0.008383991020654204,2024-02-07 04:00:00+00:00
2024-01-24 12:00:00+00:00,84.0,0.02682909415856094,0.9942224437248339,0.22990440879592464,3.1177266293738186,3.0684748530998887,-0.06034143613459353,16.476612215645456,0.5595238095238095,0.00032729639155867516,7.105691594745738,6.986659183878502,0.08317451409379169,0.9740418792402084,1.0000000000000002,0.008383991020654204,2024-02-07 08:00:00+00:00
2024-01-24 16:00:00+00:00,84.0,0.02081225770554518,0.710928165203186,0.225420084189095,2.4953529403045165,2.4080296193500703,-0.060341436134594306,11.781757457966837,0.5595238095238095,0.00025685053419404103,5.246344967221434,6.986659183878502,0.08317451409379169,0.973955158134084,1.0000000000000002,0.008383991020654204,2024-02-07 12:00:00+00:00
2024-01-24 20:00:00+00:00,84.0,0.02150281484385652,0.7413606626986147,0.2250971487710012,2.576954136884178,2.490285061155157,-0.06034143613459386,12.2860957608795,0.5595238095238095,0.0002648698761307145,5.455028993791165,6.986659183878502,0.08317451409379169,0.97386843702796,1.0000000000000002,0.008383991020654204,2024-02-07 16:00:00+00:00
2024-01-25 00:00:00+00:00,84.0,0.020236177116223164,0.68593250188695,0.22466230546433347,2.437486170112979,2.350957356205291,-0.06034143613459453,11.367520328103295,0.5595238095238095,0.0002500508048013746,5.0818848919469986,6.986659183878502,0.08317451409379169,0.9737817159218357,1.0000000000000002,0.008383991020654204,2024-02-07 20:00:00+00:00
2024-01-25 04:00:00+00:00,84.0,0.016211920301418825,0.5208636704840368,0.22403625617743592,1.9836404568891441,1.9333398995634612,-0.060341436134594084,8.631940236262006,0.5476190476190477,0.00020292574500618368,3.9580101677707296,6.986659183878502,0.08317451409379169,0.9736949948157116,1.0000000000000002,0.008383991020654204,2024-02-08 00:00:00+00:00
2024-01-25 08:00:00+00:00,84.0,0.012592145114610487,0.3857554343880436,0.22396898869344228,1.5687107869765906,1.5467026376965483,-0.06034143613459453,6.392877914400268,0.5357142857142857,0.00016043039658065797,3.007157665491677,7.345555641196651,0.0874470909666268,0.9737159781224088,1.0000000000000002,0.008814666769435984,2024-02-08 04:00:00+00:00
2024-01-25 12:00:00+00:00,84.0,0.01667777762290279,0.5391455784584109,0.2247438509075308,2.0312783944923956,1.983811696496823,-0.06034143613459464,8.934914595930719,0.5476190476190477,0.00020845540120707187,4.083382575725664,7.345555641196651,0.0874470909666268,0.9737369614291064,1.0000000000000002,0.008814666769435984,2024-02-08 08:00:00+00:00
2024-01-25 16:00:00+00:00,84.0,0.024010167991987075,0.8562950809633372,0.22859437111032582,2.8206615179451866,2.801945508117844,-0.060341436134594195,14.190830311915908,0.5476190476190477,0.0002944234455752406,6.2242257522054665,7.345555641196651,0.0874470909666268,0.9737579447358036,1.0000000000000002,0.008814666769435984,2024-02-08 12:00:00+00:00
2024-01-25 20:00:00+00:00,84.0,0.02478342470863093,0.8931884037735003,0.22870142840432306,2.9055238419116343,2.8875964539797705,-0.060341436134594306,14.802239737569439,0.5476190476190477,0.00030342349447854214,6.467367655436229,7.345555641196651,0.0874470909666268,0.9737789280425011,1.0000000000000002,0.008814666769435984,2024-02-08 16:00:00+00:00
2024-01-26 00:00:00+00:00,84.0,0.02520789998379791,0.9137395309693148,0.22896115326871114,2.949656049883255,2.934785471117986,-0.060341436134594084,15.142820414999417,0.5476190476190477,0.0003083820323868954,6.601657127911995,7.345555641196651,0.0874470909666268,0.9737999113491983,1.0000000000000002,0.008814666769435982,2024-02-08 20:00:00+00:00
2024-01-26 04:00:00+00:00,84.0,0.024452995113486864,0.877337607364501,0.2291604244311254,2.863461108685005,2.846776792838255,-0.06034143613459508,14.539554633859698,0.5476190476190477,0.0002996310333371126,6.359615439898713,7.345555641196651,0.0874470909666268,0.9738208946558958,1.0000000000000002,0.008814666769435982,2024-02-09 00:00:00+00:00
2024-01-26 08:00:00+00:00,84.0,0.012533233847734415,0.3836550512465555,0.2289589889617414,1.5328209763915996,1.5179925452091898,-0.060341436134594195,6.358069608930027,0.5357142857142857,0.0001602525758054657,2.9744641936801637,7.345555641196651,0.0874470909666268,0.973841877962593,1.0000000000000002,0.008814666769435982,2024-02-09 04:00:00+00:00
2024-01-26 12:00:00+00:00,84.0,0.014172643994979639,0.4432639083805936,0.2293505933605973,1.7145296691717864,1.7008475075149883,-0.060341436134594084,7.345929046035216,0.5357142857142857,0.0001795563456433323,3.398476617568096,7.345555641196651,0.0874470909666268,0.9738628612692906,1.0000000000000002,0.008814666769435982,2024-02-09 08:00:00+00:00
2024-01-26 16:00:00+00:00,84.0,0.01638806945950022,0.5277517060254937,0.23038748464396056,1.9548226565675293,1.9479901303597518,-0.06034143613459464,8.746091240657858,0.5357142857142857,0.00020564688345735973,3.989470221311517,7.345555641196651,0.0874470909666268,0.9738838445759878,1.0000000000000002,0.008814666769435982,2024-02-09 12:00:00+00:00
2024-01-26 20:00:00+00:00,84.0,0.02310374841227647,0.8139283131321287,0.23015241668386738,2.702781139932771,2.671787788904206,-0.06034143613459475,13.488712985163607,0.5476190476190477,0.0002840418315630617,5.926163353090596,7.345555641196651,0.0874470909666268,0.9739048278826853,1.0000000000000002,0.008814666769435982,2024-02-09 16:00:00+00:00
2024-01-27 00:00:00+00:00,84.0,0.01761929667854023,0.5767414560281408,0.23001087084375313,2.094899222211012,2.0912620863954006,-0.06034143613459375,9.5579670119501,0.5357142857142857,0.00022002264585874697,4.332364704806494,7.345555641196651,0.0874470909666268,0.9739258111893827,1.0000000000000002,0.008814666769435982,2024-02-09 20:00:00+00:00
2024-01-27 04:00:00+00:00,84.0,0.020005570306455,0.6760254065283233,0.23054249017793188,2.355534612104682,2.356879810396658,-0.06034143613459486,11.203336377682689,0.5357142857142857,0.0002479684087556722,5.010413221094875,7.345555641196651,0.0874470909666268,0.97394679449608,1.0000000000000002,0.008814666769435982,2024-02-10 00:00:00+00:00
2024-01-27 08:00:00+00:00,84.0,0.015307767171249598,0.48597563300611335,0.23082034415624808,1.8314459927312459,1.8513662102155592,-0.06034143613459386,8.053763120952677,0.5238095238095238,0.00019302967778347377,3.7061092181914006,7.473498379917427,0.0889702188085408,0.9758839705602986,1.0000000000000002,0.008968198055900914,2024-02-10 04:00:00+00:00
2024-01-27 12:00:00+00:00,84.0,0.005908297112226846,0.16600628744269774,0.23487513924146014,0.7713203065839869,0.7750406011184212,-0.06034143613459442,2.751115950777388,0.5119047619047619,8.272327141948842e-05,1.3667471176557808,7.473498379917427,0.0889702188085408,0.9778211466245175,1.0000000000000002,0.008968198055900914,2024-02-10 08:00:00+00:00
2024-01-27 16:00:00+00:00,84.0,0.00719418319325027,0.2054960859040431,0.2345357509631131,0.9141199924007972,0.9198496000176961,-0.06034143613459453,3.4055551055442903,0.5119047619047619,9.789672095347772e-05,1.6638423693906048,7.473498379917427,0.0889702188085408,0.9797583226887363,1.0000000000000002,0.008968198055900914,2024-02-10 12:00:00+00:00
2024-01-27 20:00:00+00:00,84.0,0.016446860750917613,0.5300573167834433,0.23582826748603097,1.9215086751099453,1.9298084021915272,-0.060341436134594195,8.784300652061502,0.5238095238095238,0.00020691600995915852,3.983666159028045,7.473498379917427,0.0889702188085408,0.9816954987529549,1.0000000000000002,0.008968198055900914,2024-02-10 16:00:00+00:00
2024-01-28 00:00:00+00:00,84.0,0.008422253100820676,0.24440891435581502,0.2338823212008445,1.0518694731433806,1.059354883570673,-0.060341436134594306,4.05043250562764,0.5119047619047619,0.00011233501094935307,1.9544325470595754,7.473498379917427,0.0889702188085408,0.9836326748171735,1.0000000000000002,0.008968198055900914,2024-02-10 20:00:00+00:00
2024-01-28 04:00:00+00:00,84.0,0.0024840836994801663,0.06682111352491038,0.2350929979802002,0.39265003979852464,0.39794765937994225,-0.06034143613459397,1.1073835461234836,0.5,4.21503538873425e-05,0.6091891395285793,7.473498379917427,0.0889702188085408,0.9855698508813924,1.0000000000000002,0.008968198055900914,2024-02-11 00:00:00+00:00
2024-01-28 08:00:00+00:00,84.0,0.009814561131661126,0.28998696321250894,0.23277584098135312,1.2103055472061517,1.224619379606297,-0.060341436134594195,4.805768337460189,0.5119047619047619,0.00012864378611657934,2.2946699172424214,7.18816319279699,0.08557337134282131,0.9855698508813924,1.0000000000000002,0.00862579583135639,2024-02-11 04:00:00+00:00
2024-01-28 12:00:00+00:00,84.0,0.005910220056496218,0.16606440193335748,0.23283554883461088,0.7762365455232184,0.7935903081955066,-0.06034143613459397,2.752079045035392,0.5,8.252760826592739e-05,1.3759308004457858,7.18816319279699,0.08557337134282131,0.9855698508813924,1.0000000000000002,0.00862579583135639,2024-02-11 08:00:00+00:00
2024-01-28 16:00:00+00:00,84.0,0.006810596043710593,0.19358340645692884,0.23300965891810693,0.8759453147830659,0.8961978540544271,-0.06034143613459442,3.2081338936834705,0.5,9.319804521850045e-05,1.5837029041617319,7.18816319279699,0.08557337134282131,0.9855698508813924,1.0000000000000002,0.00862579583135639,2024-02-11 12:00:00+00:00
2024-01-28 20:00:00+00:00,84.0,0.006126127647973156,0.17260722286561725,0.2330616558233634,0.7997191972501113,0.8180595890660722,-0.06034143613459386,2.8605090286649837,0.5,8.510679465974517e-05,1.4252923034009575,7.18816319279699,0.08557337134282131,0.9855698508813924,1.0000000000000002,0.00862579583135639,2024-02-11 16:00:00+00:00
2024-01-29 00:00:00+00:00,84.0,0.009010584978107028,0.26347613507193857,0.2348876307407741,1.1130995927152363,1.1475477394763485,-0.06034143613459475,4.366421350732209,0.5,0.0001193850804161655,2.1028753788247734,7.18816319279699,0.08557337134282131,0.9855698508813924,1.0000000000000002,0.00862579583135639,2024-02-11 20:00:00+00:00
2024-01-29 04:00:00+00:00,84.0,0.0022510650517724162,0.06037490003807089,0.23183352582158595,0.3687391331318049,0.3752079754757797,-0.06034143613459464,1.0005545758540053,0.5,3.903474581842078e-05,0.560871302886055,7.18816319279699,0.08557337134282131,0.9855698508813924,1.0000000000000002,0.00862579583135639,2024-02-12 00:00:00+00:00
2024-01-29 08:00:00+00:00,84.0,-0.007084865481676195,-0.16920317056237855,0.22184379871747306,-0.7245904230917504,-0.705531605610933,-0.060341436134594306,-2.8040958485801233,0.5,-7.339995067259127e-05,-1.3408185237459354,6.979702068724021,0.08309169129433358,0.986156364135743,1.0000000000000002,0.008375642482468826,2024-02-12 04:00:00+00:00
2024-01-29 12:00:00+00:00,84.0,0.007953749911912444,0.22942342882319933,0.21612738629829079,1.0637819215423034,1.0595802579591846,-0.06034143613459442,3.8020876452370067,0.5119047619047619,0.00010498283392434313,1.8835929732174668,6.979702068724021,0.08309169129433358,0.9867428773900938,1.0000000000000002,0.008375642482468826,2024-02-12 08:00:00+00:00
2024-01-29 16:00:00+00:00,84.0,-0.004225500337321719,-0.10452254952471063,0.21178607427512852,-0.41534184977455085,-0.40802716255529276,-0.060341436134594306,-1.7321853144424397,0.5,-4.0166036459325245e-05,-0.8074690142872143,6.979702068724021,0.08309169129433358,0.9873293906444445,1.0000000000000002,0.008375642482468826,2024-02-12 12:00:00+00:00
2024-01-29 20:00:00+00:00,84.0,-0.006550961066825178,-0.1574774046059786,0.21203830301096854,-0.702058792079737,-0.6969665730866809,-0.060341436134594195,-2.6097722343684095,0.4880952380952381,-6.7974134651378e-05,-1.272335937169116,6.979702068724021,0.08309169129433358,0.9879159038987952,1.0000000000000002,0.008375642482468826,2024-02-12 16:00:00+00:00
2024-01-30 00:00:00+00:00,84.0,-0.00910083352684865,-0.21207944460244532,0.21200214865257386,-1.0182378795313485,-1.0214684194071781,-0.06034143613459453,-3.514656895626278,0.47619047619047616,-9.857014534250527e-05,-1.7684558003101594,6.979702068724021,0.08309169129433358,0.9885024171531459,1.0000000000000002,0.008375642482468826,2024-02-12 20:00:00+00:00
2024-01-30 04:00:00+00:00,84.0,-0.019988120697107314,-0.4092707046928895,0.213086703986919,-2.3634840855174333,-2.355490163141093,-0.06034143613459464,-6.7825814383998155,0.4642857142857143,-0.00022996668205865168,-3.686015722431612,6.979702068724021,0.08309169129433358,0.9890889304074966,1.0000000000000002,0.008375642482468826,2024-02-13 00:00:00+00:00
2024-01-30 08:00:00+00:00,84.0,-0.018571825563082456,-0.38660529674743993,0.21281394191451633,-2.1899073420882336,-2.1856412784870822,-0.060341436134594306,-6.4069621393348895,0.4642857142857143,-0.00021280493785266584,-3.4533173558217696,7.445413800734164,0.08863587858016861,0.989599144592239,1.0000000000000002,0.008934496560880996,2024-02-13 04:00:00+00:00
2024-01-30 12:00:00+00:00,84.0,-0.025752160832495874,-0.493480223146624,0.20657181655495677,-3.1889077566866195,-3.089342748622209,-0.060341436134594084,-8.178131890097806,0.4642857142857143,-0.00030079382106161967,-4.645848993484211,7.445413800734164,0.08863587858016861,0.9901093587769813,1.0000000000000002,0.008934496560880996,2024-02-13 08:00:00+00:00
2024-01-30 16:00:00+00:00,84.0,-0.023787012171233468,-0.4661585403852663,0.20761128275862706,-2.9189341867712595,-2.8420278101633674,-0.060341436134594195,-7.7253471287206255,0.4642857142857143,-0.0002767140049331466,-4.330095518712913,7.445413800734164,0.08863587858016861,0.9906195729617236,1.0000000000000002,0.008934496560880996,2024-02-13 12:00:00+00:00
2024-01-30 20:00:00+00:00,84.0,-0.024783588689169633,-0.48018652931397143,0.20728831825570077,-3.052231108586297,-2.9671896876759134,-0.060341436134594195,-7.957824010732766,0.4642857142857143,-0.00028890038969250534,-4.4898924108660845,7.445413800734164,0.08863587858016861,0.9911297871464659,1.0000000000000002,0.008934496560880996,2024-02-13 16:00:00+00:00
2024-01-31 00:00:00+00:00,84.0,-0.02769340910686713,-0.5191465086034919,0.2055316032258142,-3.459012293804058,-3.334139632288855,-0.06034143613459442,-8.603482811471558,0.4642857142857143,-0.0003246284668143146,-4.952404384498227,7.445413800734164,0.08863587858016861,0.9916400013312082,1.0000000000000002,0.008934496560880998,2024-02-13 20:00:00+00:00
2024-01-31 04:00:00+00:00,84.0,-0.028035738273783473,-0.523540939844974,0.20532785131244205,-3.5073461757346314,-3.377377173659647,-0.053787588673567366,-9.73348969075938,0.4642857142857143,-0.00032883828953082306,-5.323201629412063,7.445413800734164,0.08863587858016861,0.9921502155159504,1.0000000000000002,0.008934496560880998,2024-02-14 00:00:00+00:00
2024-01-31 08:00:00+00:00,84.0,-0.023031933418741213,-0.4552882418796983,0.202667414662544,-2.8957108586703506,-2.8205568297480124,-0.04562538497527657,-9.978836170399644,0.4642857142857143,-0.0002679754490123175,-4.990586840620203,7.078999650210445,0.08427380535964815,0.9921502155159504,1.0000000000000002,0.008494799580252534,2024-02-14 04:00:00+00:00
2024-01-31 12:00:00+00:00,84.0,-0.01647946698444802,-0.35158397354574933,0.19834492385272204,-2.08476316109753,-2.0698761699283303,-0.037512621788801326,-9.372418049721814,0.4642857142857143,-0.00018881378558851584,-4.265104831217135,7.078999650210445,0.08427380535964815,0.9921502155159504,1.0000000000000002,0.008494799580252534,2024-02-14 08:00:00+00:00
2024-01-31 16:00:00+00:00,84.0,-0.014286398564409164,-0.31281589549795685,0.19558513996892254,-1.820135969516409,-1.8300174844760695,-0.037512621788801104,-8.338950480697777,0.4642857142857143,-0.0001625532184293778,-3.7797329288546835,7.078999650210444,0.08427380535964815,0.9921502155159504,1.0000000000000002,0.008494799580252536,2024-02-14 12:00:00+00:00
2024-01-31 20:00:00+00:00,84.0,-0.006174621928893731,-0.1491166799377297,0.1962025920175108,-0.7248802208172218,-0.7292129545665658,-0.037512621788801326,-3.975106852761905,0.47619047619047616,-6.494218183861393e-05,-1.7016813039003642,7.078999650210444,0.08427380535964815,0.9921502155159504,1.0000000000000002,0.008494799580252536,2024-02-14 16:00:00+00:00
2024-02-01 00:00:00+00:00,84.0,-0.009521453986552575,-0.22075303568006943,0.19691997764470456,-1.1680966099255492,-1.1706840492135,-0.037512621788801215,-5.884766917197232,0.47619047619047616,-0.00010503267502894716,-2.584132677822234,7.078999650210445,0.08427380535964815,0.9921502155159504,1.0000000000000002,0.008494799580252534,2024-02-14 20:00:00+00:00
2024-02-01 04:00:00+00:00,84.0,-0.01583785298728313,-0.3404650016807671,0.1987943655535941,-1.9941127340677534,-2.000827098883975,-0.037512621788801326,-9.076011898011522,0.4642857142857143,-0.00018101295699148032,-4.1213682291773726,7.078999650210445,0.08427380535964815,0.9921502155159504,1.0000000000000002,0.008494799580252534,2024-02-15 00:00:00+00:00
2024-02-01 08:00:00+00:00,84.0,-0.010686566090094995,-0.24430199741479375,0.1937444162587882,-1.3488438352132692,-1.3874233169241232,-0.037512621788801215,-6.512527937669399,0.4642857142857143,-0.0001193292061541826,-2.91338085863445,7.456855724843882,0.08877209196242716,0.9921502155159504,1.0000000000000002,0.00894822686981266,2024-02-15 04:00:00+00:00
2024-02-01 12:00:00+00:00,84.0,-0.008794093836488548,-0.20569572248464796,0.19288703365657375,-1.0974190023897035,-1.1340679620332268,-0.03751262178880088,-5.483373666674956,0.4642857142857143,-9.665657353849602e-05,-2.427864985532689,7.456855724843882,0.08877209196242716,0.9921502155159504,1.0000000000000002,0.00894822686981266,2024-02-15 08:00:00+00:00
2024-02-01 16:00:00+00:00,84.0,-0.00559479383161765,-0.13607890221352514,0.19417904742121034,-0.656200112025249,-0.6826565126029959,-0.03751262178880077,-3.6275497612419856,0.4642857142857143,-5.818279117386043e-05,-1.5581875670213687,7.456855724843882,0.08877209196242716,0.9921502155159504,1.0000000000000002,0.00894822686981266,2024-02-15 12:00:00+00:00
2024-02-01 20:00:00+00:00,84.0,0.0005127011243737378,0.013453114956692325,0.1968636216067577,0.16628865811420657,0.17538468635611007,-0.037512621788801104,0.35862902445034045,0.4642857142857143,1.4948030807529979e-05,0.22762917931180815,7.456855724843882,0.08877209196242716,0.9921502155159504,1.0000000000000002,0.00894822686981266,2024-02-15 16:00:00+00:00
2024-02-02 00:00:00+00:00,84.0,0.004018133753282083,0.1102093292210482,0.19625882478283596,0.6308275819052662,0.6600862203909859,-0.037512621788801215,2.9379265955212284,0.47619047619047616,5.653218258690673e-05,1.3346607413843428,7.456855724843882,0.08877209196242716,0.9921502155159504,1.0000000000000002,0.00894822686981266,2024-02-15 20:00:00+00:00
2024-02-02 04:00:00+00:00,84.0,-0.0020645713731943793,-0.05245605753373683,0.1954386484092679,-0.17800095182815093,-0.18704142059666085,-0.037512621788801326,-1.3983575402718609,0.4642857142857143,-1.58850527127201e-05,-0.5477241158686679,7.456855724843882,0.08877209196242716,0.9921502155159504,1.0000000000000002,0.00894822686981266,2024-02-16 00:00:00+00:00
2024-02-02 08:00:00+00:00,84.0,0.003042222231299796,0.08241502252951927,0.19807191353279416,0.4988396948545843,0.5312377385935702,-0.037512621788801215,2.1969944674494317,0.4642857142857143,4.511695566482313e-05,1.0212453441286329,7.403456806612252,0.08813639055490777,0.9924469663370391,1.0000000000000002,0.008884148167934702,2024-02-16 04:00:00+00:00
2024-02-02 12:00:00+00:00,84.0,0.003148389848155686,0.08540596352121277,0.19803653164858834,0.5128277770080898,0.5462396214175822,-0.037512621788801215,2.2767260577534287,0.4642857142857143,4.637380561266565e-05,1.0553619989954885,7.403456806612252,0.08813639055490777,0.9927437171581278,1.0000000000000002,0.008884148167934702,2024-02-16 08:00:00+00:00
2024-02-02 16:00:00+00:00,84.0,0.010957436293752343,0.32859530095415224,0.19709964088208023,1.5401307125783854,1.6401512700276173,-0.037512621788801215,8.759593045886465,0.47619047619047616,0.000138611511580211,3.745977635550502,7.403456806612251,0.08813639055490775,0.9930404679792165,1.0000000000000002,0.008884148167934704,2024-02-16 12:00:00+00:00
2024-02-02 20:00:00+00:00,84.0,0.003958064970899677,0.1084789101604311,0.19801070328705583,0.6191027324254118,0.6607451668647406,-0.037512621788801326,2.8917976133786363,0.4642857142857143,5.5976697467805354e-05,1.3175681704871107,7.403456806612251,0.08813639055490775,0.9933372188003052,1.0000000000000002,0.008884148167934704,2024-02-16 16:00:00+00:00
2024-02-03 00:00:00+00:00,84.0,0.006717108356481427,0.19069725711151642,0.19779663932974548,0.9813212804449566,1.0371321537953924,-0.037512621788801104,5.083549163403091,0.47619047619047616,8.86310736871119e-05,2.234313994672571,7.403456806612251,0.08813639055490775,0.9936339696213939,1.0000000000000002,0.008884148167934702,2024-02-16 20:00:00+00:00
2024-02-03 04:00:00+00:00,84.0,0.009130803700087231,0.26740671870402855,0.19810095848699097,1.2953113229404714,1.3554327375537183,-0.037512621788801215,7.128446532197824,0.4880952380952381,0.00011717005233495873,3.0693004515629756,7.403456806612251,0.08813639055490775,0.9939307204424827,1.0000000000000002,0.008884148167934702,2024-02-17 00:00:00+00:00
2024-02-03 08:00:00+00:00,84.0,0.013727960330129463,0.4268555704420238,0.2016261676387829,1.8639440916210968,1.98516682673942,-0.03751262178880177,11.378985261154108,0.4880952380952381,0.00017160726204863661,4.766945536528329,7.126295539543391,0.08483685166123085,0.9939307204424827,1.0000000000000002,0.00855155464745207,2024-02-17 04:00:00+00:00
2024-02-03 12:00:00+00:00,84.0,0.008568647005485097,0.24912736109884248,0.19799206901062405,1.2225307740200508,1.2785709311037834,-0.037512621788801326,6.641161007125731,0.4880952380952381,0.00011052575222711852,2.870535906785248,7.126295539543391,0.08483685166123085,0.9939307204424827,1.0000000000000002,0.00855155464745207,2024-02-17 08:00:00+00:00
2024-02-03 16:00:00+00:00,84.0,-0.0059353616226851535,-0.143759865081727,0.19118835389224167,-0.7161522343698,-0.7244001669798895,-0.031083565760855802,-4.62494767131147,0.47619047619047616,-6.25205327969922e-05,-1.8920900384963368,7.126295539543391,0.08483685166123085,0.9939307204424827,1.0000000000000002,0.00855155464745207,2024-02-17 12:00:00+00:00
2024-02-03 20:00:00+00:00,84.0,0.0026477030680296387,0.07136997257101063,0.1884371439367169,0.4600750463674651,0.4680157322547129,-0.027487908922032567,2.596413309337073,0.4880952380952381,3.958686197901266e-05,1.1041527996132467,7.126295539543391,0.08483685166123085,0.9939307204424827,1.0000000000000002,0.00855155464745207,2024-02-17 16:00:00+00:00
2024-02-04 00:00:00+00:00,84.0,0.004892433965901777,0.13569152096233705,0.186705494845624,0.7748846409161885,0.7957263350519121,-0.027487908922032567,4.93640754366642,0.4880952380952381,6.606174444316467e-05,2.0316781893955476,7.126295539543391,0.08483685166123085,0.9939307204424827,1.0000000000000002,0.00855155464745207,2024-02-17 20:00:00+00:00
2024-02-04 04:00:00+00:00,84.0,0.011056972084219963,0.3320099026418861,0.18887639318760607,1.6124034315808866,1.6556501420055185,-0.027487908922032567,12.078397945205937,0.5,0.00013906161850242777,4.769500469838254,7.126295539543391,0.08483685166123085,0.9939307204424827,1.0000000000000002,0.00855155464745207,2024-02-18 00:00:00+00:00
2024-02-04 08:00:00+00:00,84.0,0.013626518123810216,0.4231376729730234,0.18914490472561526,1.9603006163460726,1.9917863408398027,-0.027487908922032567,15.393592658256484,0.5119047619047619,0.00016930633484581862,6.002882518716689,7.02488518557273,0.0836295855425325,0.9943096042113969,1.0000000000000002,0.008429862222687276,2024-02-18 04:00:00+00:00
2024-02-04 12:00:00+00:00,84.0,0.008240458201770107,0.23857330696858003,0.19292362766102705,1.2055740456638875,1.2005203293690148,-0.027487908922032567,8.67920901678173,0.5119047619047619,0.00010620261109746934,3.445643050481291,7.02488518557273,0.0836295855425325,0.9946884879803112,1.0000000000000002,0.008429862222687276,2024-02-18 08:00:00+00:00
2024-02-04 16:00:00+00:00,84.0,0.00687823827867895,0.19567584919418168,0.19241242632797587,1.0250558704408044,1.0180541126738847,-0.027487908922032456,7.118615306431734,0.5119047619047619,9.00609530380139e-05,2.8503229981313156,7.024885185572729,0.08362958554253248,0.9950673717492254,1.0000000000000002,0.008429862222687276,2024-02-18 12:00:00+00:00
2024-02-04 20:00:00+00:00,84.0,-0.0012273289679547439,-0.03151072669693,0.19559345099223333,-0.06587529589776144,-0.06512767443199999,-0.027487908922032678,-1.1463486286391495,0.5,-5.883459570674735e-06,-0.38971824713387326,7.024885185572729,0.08362958554253248,0.9954462555181397,1.0000000000000002,0.008429862222687276,2024-02-18 16:00:00+00:00
2024-02-05 00:00:00+00:00,84.0,0.002077149303364223,0.05558813362311388,0.19697323525047258,0.3731586755576282,0.3715261982878038,-0.026101738856402212,2.129671663981086,0.5,3.3562681089665516e-05,0.8994595811767359,7.024885185572729,0.08362958554253248,0.995825139287054,1.0000000000000002,0.008429862222687275,2024-02-18 20:00:00+00:00
2024-02-05 04:00:00+00:00,84.0,0.00410286781194924,0.1126547054373137,0.19549328167551938,0.6438243240981983,0.6457669555817713,-0.02610173885640199,4.3159846957737384,0.5,5.74718401554703e-05,1.7462494881942894,7.024885185572729,0.08362958554253248,0.9962040230559682,1.0000000000000002,0.008429862222687275,2024-02-19 00:00:00+00:00
2024-02-05 08:00:00+00:00,84.0,-0.016706365956616898,-0.3554727429956548,0.20952811250161266,-1.9911886765374391,-1.8717691115140538,-0.02767347735397807,-12.845250289608273,0.4880952380952381,-0.00019050685161163184,-5.199639334449335,6.703029799453246,0.07979797380301483,0.9962040230559682,1.0000000000000002,0.008043635759343895,2024-02-19 04:00:00+00:00
2024-02-05 12:00:00+00:00,84.0,-0.01409513389336614,-0.30933108893774997,0.20912957828449844,-1.6648157559694479,-1.5678913403567991,-0.027730606696675708,-11.15486193004324,0.4880952380952381,-0.00015897818126359774,-4.473059841946526,6.703029799453246,0.07979797380301483,0.9962040230559682,1.0000000000000002,0.008043635759343895,2024-02-19 08:00:00+00:00
2024-02-05 16:00:00+00:00,84.0,-0.010719508301330949,-0.24495776609993103,0.20994217930671993,-1.2331565034115284,-1.1658756209525107,-0.027730606696675486,-8.833480232846766,0.4880952380952381,-0.00011821532591437026,-3.4863412692584923,6.703029799453246,0.07979797380301483,0.9962040230559682,1.0000000000000002,0.008043635759343895,2024-02-19 12:00:00+00:00
2024-02-05 20:00:00+00:00,84.0,-0.008449607949612803,-0.1984671502761144,0.2099734427440397,-0.9484009116924252,-0.8868967938712772,-0.027730606696675708,-7.156971084224646,0.5,-9.093105229664132e-05,-2.7863703163236324,6.703029799453246,0.07979797380301483,0.9962040230559682,1.0000000000000002,0.008043635759343895,2024-02-19 16:00:00+00:00
2024-02-06 00:00:00+00:00,84.0,-0.000478068245055141,-0.012389512466516206,0.2151323448881272,0.04975637189392096,0.047672855858670864,-0.02773060669667593,-0.4467811541967215,0.5,4.887764821308184e-06,-0.10003829234737181,6.703029799453246,0.07979797380301483,0.9962040230559682,1.0000000000000002,0.008043635759343895,2024-02-19 20:00:00+00:00
2024-02-06 04:00:00+00:00,84.0,0.012312781027645103,0.37582230322341226,0.22032073198182986,1.5585041114020852,1.5175700896409055,-0.027730606696675597,13.552617414189738,0.5119047619047619,0.00015679030439305877,5.140364493533909,6.703029799453246,0.07979797380301483,0.9962040230559682,1.0000000000000002,0.008043635759343895,2024-02-20 00:00:00+00:00
2024-02-06 08:00:00+00:00,84.0,0.016056050499337227,0.5147935404970692,0.21848036013939148,2.010295102504996,1.9718955736530075,-0.027730606696675708,18.56409223671192,0.5119047619047619,0.00020055251049394817,6.961074431226278,6.40252040691966,0.07622048103475786,0.9965939120704126,1.0000000000000002,0.007683024488303592,2024-02-20 04:00:00+00:00
2024-02-06 12:00:00+00:00,84.0,0.018503013103086552,0.612831543221579,0.21850956151861045,2.2971169858192715,2.226830359041893,-0.027730606696675597,22.099463957816923,0.5238095238095238,0.000229197271839416,8.209706426707616,6.40252040691966,0.07622048103475786,0.9969838010848571,1.0000000000000002,0.007683024488303592,2024-02-20 08:00:00+00:00
2024-02-06 16:00:00+00:00,84.0,0.026330453785635033,0.969127501895674,0.21454862752893525,3.266084356235681,3.217383616025384,-0.027730606696675708,34.94793721955788,0.5238095238095238,0.0003199698246685349,12.751159919148222,6.40252040691966,0.07622048103475786,0.9973736900993015,1.0000000000000002,0.007683024488303592,2024-02-20 12:00:00+00:00
2024-02-06 20:00:00+00:00,84.0,0.03703743365041667,1.580972867523327,0.21762122421530172,4.466810409736917,4.421494064124294,-0.027730606696675708,57.01183839273343,0.5357142857142857,0.0004438688354815531,20.212192266390822,6.40252040691966,0.07622048103475786,0.997763579113746,1.0000000000000002,0.007683024488303592,2024-02-20 16:00:00+00:00
2024-02-07 00:00:00+00:00,84.0,0.039362276160882725,1.736140148318973,0.21676384106445595,4.753073644671306,4.720005689161163,-0.027730606696675708,62.60736259070372,0.5357142857142857,0.00047045410962611204,22.096133146276976,6.40252040691966,0.07622048103475786,0.9981534681281905,1.0000000000000002,0.007683024488303592,2024-02-20 20:00:00+00:00
2024-02-07 04:00:00+00:00,84.0,0.034644467950951,1.4301112169933652,0.21662401780940743,4.208215929910986,4.2232557550712375,-0.027730606696675708,51.57158055127601,0.5238095238095238,0.000416256001162954,18.423241246384592,6.40252040691966,0.07622048103475786,0.998543357142635,1.0000000000000002,0.007683024488303592,2024-02-21 00:00:00+00:00
2024-02-07 08:00:00+00:00,84.0,0.03557458177184336,1.487713250675466,0.21701854881647445,4.308952442543173,4.3322281086296375,-0.027730606696675597,53.64878118060851,0.5238095238095238,0.00042699662374425684,19.12021133039736,6.8429569427004235,0.081463773127386,0.9978460896696878,1.0000000000000002,0.008211548331240508,2024-02-21 04:00:00+00:00
2024-02-07 12:00:00+00:00,84.0,0.04068163230552946,1.8281479060146397,0.21514659153309593,4.940972515567175,5.003491982180252,-0.027730606696675708,65.92527621235905,0.5238095238095238,0.0004854033769785317,23.261271411249968,6.8429569427004235,0.081463773127386,0.9971488221967406,1.0000000000000002,0.008211548331240508,2024-02-21 08:00:00+00:00
2024-02-07 16:00:00+00:00,84.0,0.03350878680799374,1.3615162977218533,0.21510742088767779,4.10319389754754,4.183660089382076,-0.02773060669667593,49.09796286155753,0.5119047619047619,0.00040302623593767566,17.633811063484348,6.8429569427004235,0.081463773127386,0.9964515547237934,1.0000000000000002,0.008211548331240508,2024-02-21 12:00:00+00:00
2024-02-07 20:00:00+00:00,84.0,0.03706822427115597,1.5829715045576553,0.21416870552288167,4.538945315049441,4.642856723731215,-0.027730606696675375,57.08391171792999,0.5119047619047619,0.0004438812979741036,20.343999799386314,6.8429569427004235,0.081463773127386,0.9957542872508462,1.0000000000000002,0.008211548331240508,2024-02-21 16:00:00+00:00
2024-02-08 00:00:00+00:00,84.0,0.0357045957408435,1.4958688792474097,0.2139193250183671,4.383560260913748,4.47869327239427,-0.027730606696675597,53.94288324123603,0.5119047619047619,0.00042818641652603013,19.28941035960264,6.8429569427004235,0.081463773127386,0.9950570197778992,1.0000000000000002,0.008211548331240508,2024-02-21 20:00:00+00:00
2024-02-08 04:00:00+00:00,84.0,0.04169987016741361,1.9011834420765799,0.21535223856798275,5.054909418573862,5.135890794580346,-0.027730606696675597,68.55902803974706,0.5238095238095238,0.0004970712598393887,24.138537555328416,6.8429569427004235,0.081463773127386,0.9943597523049521,1.0000000000000002,0.008211548331240508,2024-02-22 00:00:00+00:00
2024-02-08 08:00:00+00:00,84.0,0.04845461532596884,2.4336684835067968,0.21633821020328667,5.812189368311622,5.865143964749191,-0.02773060669667604,87.76109769709838,0.5357142857142857,0.0005741546325584967,30.418043705522674,6.537974129502461,0.07783302535121978,0.9941966095158524,1.0000000000000002,0.007845568955402954,2024-02-22 04:00:00+00:00
2024-02-08 12:00:00+00:00,84.0,0.04000719301671074,1.7807490679659677,0.21703463154834982,4.821953546338082,4.89047965907445,-0.02773060669667604,64.21601544618997,0.5238095238095238,0.0004778679960149517,22.667582561388194,6.537974129502461,0.07783302535121978,0.994033466726753,1.0000000000000002,0.007845568955402954,2024-02-22 08:00:00+00:00
2024-02-08 16:00:00+00:00,84.0,0.03209070861055818,1.278475822147346,0.21310056978451725,3.9717866636032073,3.9552134001222314,-0.027730606696675486,46.10342053210893,0.5238095238095238,0.0003864794525462969,16.604647518762533,6.537974129502461,0.07783302535121978,0.9938703239376535,1.0000000000000002,0.007845568955402954,2024-02-22 12:00:00+00:00
2024-02-08 20:00:00+00:00,84.0,0.03528618061981925,1.4697135482743393,0.2142606027356258,4.327744028841321,4.333145622284123,-0.027730606696675708,52.999689633567435,0.5238095238095238,0.00042340869593837763,18.931488347636275,6.537974129502461,0.07783302535121978,0.9937071811485538,1.0000000000000002,0.007845568955402954,2024-02-22 16:00:00+00:00
2024-02-09 00:00:00+00:00,84.0,0.03635986484011555,1.5373660637858086,0.21503097757705789,4.43873408232509,4.460253611364794,-0.027730606696675597,55.43932307727372,0.5238095238095238,0.0004358289173182507,19.74751859242556,6.537974129502461,0.07783302535121978,0.9935440383594542,1.0000000000000002,0.007845568955402954,2024-02-22 20:00:00+00:00
2024-02-09 04:00:00+00:00,84.0,0.051601856436988,2.7127504315478044,0.22266397545786376,6.004412838371865,6.191275620393035,-0.027730606696675708,97.82513816666707,0.5357142857142857,0.0006104869556539337,33.625375549668895,6.537974129502461,0.07783302535121978,0.9933808955703544,1.0000000000000002,0.007845568955402954,2024-02-23 00:00:00+00:00
2024-02-09 08:00:00+00:00,84.0,0.05052475212921381,2.6148688842463987,0.22344818295166502,5.864486661399969,6.024247129385928,-0.02773060669667582,94.29540842176576,0.5357142857142857,0.0005983602230292691,32.45766737670409,6.6098246379914745,0.07868838854751756,0.9933808955703542,1.0000000000000002,0.007931789565589771,2024-02-23 04:00:00+00:00
2024-02-09 12:00:00+00:00,84.0,0.04905035114010037,2.4848984131180303,0.2231507541509069,5.707820027178465,5.855508004775152,-0.027730606696675708,89.60851236680354,0.5357142857142857,0.0005816001569052622,30.937102920104664,6.6098246379914745,0.07868838854751756,0.9933808955703542,1.0000000000000002,0.007931789565589771,2024-02-23 08:00:00+00:00
2024-02-09 16:00:00+00:00,84.0,0.044767452505212635,2.1323410757665764,0.22177959828099983,5.260550812808843,5.363505885805806,-0.027730606696675597,76.8948584172955,0.5357142857142857,0.0005327318931513846,26.792025123353625,6.609824637991475,0.07868838854751756,0.9933808955703542,1.0000000000000002,0.007931789565589771,2024-02-23 12:00:00+00:00
2024-02-09 20:00:00+00:00,84.0,0.03921139462965062,1.725803441876944,0.221745969748499,4.634080304580152,4.771615067626208,-0.02773060669667582,62.234608162533384,0.5238095238095238,0.0004692185529824409,21.969252567184544,6.609824637991475,0.07868838854751756,0.993380895570354,1.0000000000000002,0.007931789565589771,2024-02-23 16:00:00+00:00
2024-02-10 00:00:00+00:00,84.0,0.035916265916110746,1.509201741932078,0.22331640322767632,4.232128227417093,4.3278181206543564,-0.027730606696675708,54.423682771895436,0.5238095238095238,0.00043155417979228605,19.3278705480555,6.609824637991475,0.07868838854751756,0.993380895570354,1.0000000000000002,0.007931789565589771,2024-02-23 20:00:00+00:00
2024-02-10 04:00:00+00:00,84.0,0.042680367701040334,1.973223940268087,0.22801950763286138,4.893964547767533,5.110017428440859,-0.027730606696675597,71.1568975699562,0.5238095238095238,0.0005095522313034849,24.859265606693466,6.609824637991475,0.07868838854751756,0.993380895570354,1.0000000000000002,0.007931789565589771,2024-02-24 00:00:00+00:00
2024-02-10 08:00:00+00:00,84.0,0.041869941259998766,1.9135576383612585,0.22833060726307203,4.798780105150189,5.004091880721245,-0.027730606696675708,69.00525687346942,0.5238095238095238,0.0005003234591465256,24.142847845874382,6.879627178573845,0.08190032355445054,0.9931494421177889,1.0000000000000002,0.008255552614288616,2024-02-24 04:00:00+00:00
2024-02-10 12:00:00+00:00,84.0,0.04975429131444953,2.546380962231698,0.22383396319024018,5.7692136088507455,6.1476909704642635,-0.027730606696675486,91.82564918556122,0.5238095238095238,0.0005896556833607901,31.737535226509294,6.879627178573845,0.08190032355445054,0.9929179886652237,1.0000000000000002,0.008255552614288616,2024-02-24 08:00:00+00:00
2024-02-10 16:00:00+00:00,84.0,0.0494310639241653,2.518021675011893,0.22392027248285862,5.731199511511941,6.1052935467357115,-0.027730606696675597,90.80297818777109,0.5238095238095238,0.0005859962357403561,31.40237072847919,6.879627178573845,0.08190032355445054,0.9926865352126585,1.0000000000000002,0.008255552614288616,2024-02-24 12:00:00+00:00
2024-02-10 20:00:00+00:00,84.0,0.04093927191458513,1.8464588225594412,0.2225925746624184,4.811930995569302,5.1444082150969725,-0.02773060669667582,66.58559052661418,0.5119047619047619,0.0004890868079459658,23.477019742693834,6.879627178573845,0.08190032355445054,0.9924550817600933,1.0000000000000002,0.008255552614288616,2024-02-24 16:00:00+00:00
2024-02-11 00:00:00+00:00,84.0,0.04248956187938768,1.9590713174541934,0.22235544428749102,4.991406423347024,5.339047261976279,-0.02773060669667604,70.64653647440824,0.5119047619047619,0.0005067883072524036,24.827001774117086,6.879627178573845,0.08190032355445054,0.9922236283075282,1.0000000000000002,0.008255552614288616,2024-02-24 20:00:00+00:00
2024-02-11 04:00:00+00:00,84.0,0.044703272830111995,2.1273283106491157,0.22131715780201275,5.263792111310567,5.658488654962409,-0.027730606696675597,76.71409190279793,0.5119047619047619,0.0005319486343999591,26.85676066621751,6.879627178573845,0.08190032355445054,0.9919921748549627,1.0000000000000002,0.008255552614288616,2024-02-25 00:00:00+00:00
2024-02-11 08:00:00+00:00,84.0,0.04208455282969692,1.929244999810352,0.22158740913168387,4.962191825135766,5.39625067795579,-0.027730606696675597,69.570962543767,0.5,0.0005020818402494319,24.518446581853144,6.447159862857057,0.07675190312925068,0.9919921748549627,1.0000000000000002,0.00773659183542847,2024-02-25 04:00:00+00:00
2024-02-11 12:00:00+00:00,84.0,0.041246165194217754,1.8684190900058235,0.22185816302322403,4.86177873287407,5.280906472968151,-0.02773060669667582,67.37750495122772,0.5,0.0004925229674432963,23.784147694417797,6.447159862857057,0.07675190312925068,0.9919921748549627,1.0000000000000002,0.00773659183542847,2024-02-25 08:00:00+00:00
2024-02-11 16:00:00+00:00,84.0,0.030527462642575554,1.1901892451898552,0.22584571480696897,3.584896560097053,3.8578023703295914,-0.027730606696675708,42.919697293623685,0.4880952380952381,0.00036969567402929816,15.494499104248057,6.447159862857057,0.07675190312925068,0.9919921748549627,1.0000000000000002,0.00773659183542847,2024-02-25 12:00:00+00:00
2024-02-11 20:00:00+00:00,84.0,0.040195045949762864,1.793873845290936,0.22941629369414418,4.594208244286083,4.965880122411742,-0.027730606696675708,64.68931116122974,0.5,0.00048127225016584223,22.771407870619445,6.447159862857057,0.07675190312925068,0.9919921748549625,1.0000000000000002,0.00773659183542847,2024-02-25 16:00:00+00:00
2024-02-12 00:00:00+00:00,84.0,0.030234761611442673,1.174028342716063,0.2272281366243693,3.531852020278683,3.813103865330419,-0.027730606696675708,42.33691514786812,0.4880952380952381,0.00036645486456663893,15.285871696576208,6.447159862857058,0.07675190312925069,0.9919921748549625,1.0000000000000002,0.00773659183542847,2024-02-25 20:00:00+00:00
2024-02-12 04:00:00+00:00,84.0,0.025482962363727824,0.9271711470175783,0.22822803858150065,2.989093498822342,3.2510536848616662,-0.027730606696675708,33.434939132749875,0.47619047619047616,0.00031150454172280284,12.227631263416331,6.447159862857058,0.07675190312925069,0.9919921748549625,1.0000000000000002,0.00773659183542847,2024-02-26 00:00:00+00:00
2024-02-12 08:00:00+00:00,84.0,0.017707997792995034,0.5803285576071977,0.22788892014977385,2.122285603577519,2.3179143170732988,-0.027730606696675597,20.92736606721153,0.4642857142857143,0.00022084263673456244,7.842061228066034,7.6453093277561965,0.09101558723519282,0.9919921748549625,1.0000000000000002,0.009174371193307437,2024-02-26 04:00:00+00:00
2024-02-12 12:00:00+00:00,84.0,0.02012120260171102,0.6809860650174173,0.2293172810939021,2.379813635297405,2.6154719808412272,-0.02773060669667582,24.557200369476586,0.4642857142857143,0.00024919287322218995,9.127292993768688,7.6453093277561965,0.09101558723519282,0.9919921748549625,1.0000000000000002,0.009174371193307437,2024-02-26 08:00:00+00:00
2024-02-12 16:00:00+00:00,84.0,0.01706061717601237,0.5543275933784055,0.23096679667503592,2.0252183193580917,2.207807442276675,-0.02773060669667604,19.989739115403147,0.4642857142857143,0.00021358821360262023,7.487610207339042,7.6453093277561965,0.09101558723519282,0.9919921748549625,1.0000000000000002,0.009174371193307437,2024-02-26 12:00:00+00:00
2024-02-12 20:00:00+00:00,84.0,0.02253321991446544,0.7877398710080952,0.23117248756383657,2.6289843483789035,2.843311608429349,-0.027730606696675708,28.406874744018058,0.47619047619047616,0.00027751089113294203,10.448082371090829,7.6453093277561965,0.09101558723519282,0.9919921748549625,1.0000000000000002,0.009174371193307437,2024-02-26 16:00:00+00:00
2024-02-13 00:00:00+00:00,84.0,0.020719839937734186,0.7068943741428901,0.23165269038550712,2.4241948381437113,2.616493411500711,-0.027730606696675708,25.49148606357867,0.47619047619047616,0.00025642523117563914,9.421301635116999,7.6453093277561965,0.09101558723519282,0.9919921748549625,1.0000000000000002,0.009174371193307437,2024-02-26 20:00:00+00:00
2024-02-13 04:00:00+00:00,84.0,0.032398372158510824,1.2962500677704982,0.23020965373660637,3.7267442156103474,4.044557704303162,-0.02773060669667582,46.7443818286848,0.4880952380952381,0.00039174999791806333,16.759160895009806,7.6453093277561965,0.09101558723519282,0.9919921748549625,1.0000000000000002,0.009174371193307437,2024-02-27 00:00:00+00:00
2024-02-13 08:00:00+00:00,84.0,0.031841360116415585,1.264167674912064,0.23031364445253805,3.6640505578787463,3.975124880594141,-0.027730606696675708,45.587451033431954,0.4880952380952381,0.0003853337157275841,16.365500429630867,6.720697451628998,0.0800083029955833,0.9919921748549625,1.0000000000000002,0.0080648369419548,2024-02-27 04:00:00+00:00
2024-02-13 12:00:00+00:00,84.0,0.02963019594250227,1.141010717871473,0.22997443827176395,3.4258280912871824,3.711203632008048,-0.027730606696675597,41.14625872964618,0.4880952380952381,0.00035975017849744246,14.856107499083226,6.720697451628998,0.0800083029955833,0.9919921748549625,1.0000000000000002,0.0080648369419548,2024-02-27 08:00:00+00:00
2024-02-13 16:00:00+00:00,84.0,0.03108466922066233,1.2212741545528507,0.23080103156785664,3.5738955832121357,3.885520968091622,-0.02773060669667582,44.04065759943326,0.4880952380952381,0.00037664784809185735,15.838574342030267,6.720697451628999,0.08000830299558331,0.9919921748549625,1.0000000000000002,0.008064836941954798,2024-02-27 12:00:00+00:00
2024-02-13 20:00:00+00:00,84.0,0.030404673962536988,1.1833956966144257,0.2307254414487538,3.500417215294657,3.804389271400749,-0.027730606696675708,42.67471352353387,0.4880952380952381,0.00036878324532131374,15.374294930208857,6.720697451628999,0.08000830299558331,0.9919921748549625,1.0000000000000002,0.008064836941954798,2024-02-27 16:00:00+00:00
2024-02-14 00:00:00+00:00,84.0,0.02372227452232778,0.842736646508885,0.2312795813398563,2.7589051529078956,3.017474963419372,-0.027730606696675486,30.390126538771955,0.47619047619047616,0.0002913600131145709,11.151699492871703,6.720697451628998,0.0800083029955833,0.9919921748549625,1.0000000000000002,0.0080648369419548,2024-02-27 20:00:00+00:00
2024-02-14 04:00:00+00:00,84.0,0.018882836470886177,0.6285860493544428,0.2305292108587124,2.2310994215477646,2.459079899390312,-0.027730606696675708,22.6675909485167,0.4642857142857143,0.00023485552008983368,8.453239070775464,6.720697451628998,0.0800083029955833,0.9919921748549625,1.0000000000000002,0.0080648369419548,2024-02-28 00:00:00+00:00
2024-02-14 08:00:00+00:00,84.0,0.019748903772738524,0.6650645927671643,0.23037278663758678,2.3286367487206565,2.5682133461861545,-0.027730606696675708,23.983052373927723,0.4642857142857143,0.0002449564095294373,8.920792075268976,7.067056736556395,0.08413162781614757,0.9916825077602416,1.0000000000000002,0.008480468083867673,2024-02-28 04:00:00+00:00
2024-02-14 12:00:00+00:00,84.0,0.018182865843403784,0.5996662367383203,0.23087616666553162,2.150471368015982,2.3661269638820484,-0.027730606696675708,21.624706711166443,0.4642857142857143,0.00022670894336598705,8.079004209307547,7.067056736556395,0.08413162781614757,0.9913728406655208,1.0000000000000002,0.008480468083867673,2024-02-28 08:00:00+00:00
2024-02-14 16:00:00+00:00,84.0,0.025447657147730007,0.9254420947707154,0.22663830073781155,3.0044697859340426,3.379558302127404,-0.02773060669667582,33.37258736865832,0.4642857142857143,0.0003109259940192638,12.26494046722867,7.067056736556394,0.08413162781614754,0.9910631735707999,1.0000000000000002,0.008480468083867675,2024-02-28 12:00:00+00:00
2024-02-14 20:00:00+00:00,84.0,0.02477628239619989,0.8928444283035009,0.2263418387612086,2.9326478518416246,3.29445479789809,-0.027730606696675597,32.197075169312356,0.4642857142857143,0.00030309630466892316,11.856698825505429,7.067056736556394,0.08413162781614754,0.990753506476079,1.0000000000000002,0.008480468083867675,2024-02-28 16:00:00+00:00
2024-02-15 00:00:00+00:00,84.0,0.035063706765999125,1.45591413863793,0.22779486887401162,4.059006907656734,4.569071652419856,-0.027730606696675597,52.50206584237726,0.47619047619047616,0.0004222013453371567,18.79595048597814,7.0670567365563945,0.08413162781614755,0.990443839381358,1.0000000000000002,0.008480468083867675,2024-02-28 20:00:00+00:00
2024-02-15 04:00:00+00:00,84.0,0.03694792265381519,1.575171099132632,0.22673766638731768,4.286085398320157,4.852278189848396,-0.027730606696675486,56.8026194436443,0.47619047619047616,0.0004437520553204883,20.267522728528697,7.0670567365563945,0.08413162781614755,0.9901341722866371,1.0000000000000002,0.008480468083867675,2024-02-29 00:00:00+00:00
2024-02-15 08:00:00+00:00,84.0,0.045710441940865376,2.2068902234417953,0.22558810326541312,5.279753522562045,5.968390598402792,-0.02773060669667582,79.58319295287342,0.4880952380952381,0.0005438582570153677,27.846240181991753,7.010939969499228,0.08346357106546701,0.989965289250731,1.0000000000000002,0.008413127963399075,2024-02-29 04:00:00+00:00
2024-02-15 12:00:00+00:00,84.0,0.04765625569187071,2.36614853201677,0.22513273344509488,5.50537984299597,6.234096347870869,-0.027730606696675597,85.32624467608308,0.4880952380952381,0.0005659548916471279,29.743125894872062,7.010939969499228,0.08346357106546701,0.9897964062148249,1.0000000000000002,0.008413127963399075,2024-02-29 08:00:00+00:00
2024-02-15 16:00:00+00:00,84.0,0.04727561772135003,2.3344079662756587,0.2249737696210794,5.466975872563459,6.18623793441629,-0.027730606696675708,84.18164058976406,0.4880952380952381,0.0005616101235059777,29.36908011246477,7.010939969499228,0.08346357106546701,0.9896275231789188,1.0000000000000002,0.008413127963399075,2024-02-29 12:00:00+00:00
2024-02-15 20:00:00+00:00,84.0,0.04293921219702246,1.9925272728314427,0.22317654240662113,5.024230419830446,5.639825551828964,-0.02773060669667593,71.85299963416549,0.4880952380952381,0.0005120047366903768,25.319099236930363,7.010939969499228,0.08346357106546701,0.9894586401430125,1.0000000000000002,0.008413127963399075,2024-02-29 16:00:00+00:00
2024-02-16 00:00:00+00:00,84.0,0.045387223205594296,2.1811476374433396,0.22348497765933323,5.291250575946667,5.947771037204158,-0.027730606696675708,78.65488343984957,0.4880952380952381,0.000539961194865468,27.562948619620535,7.010939969499228,0.08346357106546701,0.9892897571071062,1.0000000000000002,0.008413127963399073,2024-02-29 20:00:00+00:00
2024-02-16 04:00:00+00:00,84.0,0.04086342649442587,1.8410565427359828,0.22583149133831396,4.737693551869807,5.260825389308885,-0.02773060669667593,66.39077762971087,0.4880952380952381,0.0004885481280012201,23.442871510197755,7.010939969499228,0.08346357106546701,0.9891208740712001,1.0000000000000002,0.008413127963399073,2024-03-01 00:00:00+00:00
2024-02-16 08:00:00+00:00,84.0,0.030699746787723914,1.1997555153896267,0.22456741414830725,3.6234038038709726,4.019180099583733,-0.02773060669667593,43.26466883731907,0.47619047619047616,0.00037155179116458656,15.674093832190506,6.704549361068948,0.07981606382224939,0.9887635866724516,1.0000000000000002,0.008045459233282738,2024-03-01 04:00:00+00:00
2024-02-16 12:00:00+00:00,84.0,0.028853497040598253,1.0992994181089357,0.22533402061918198,3.4043330141464128,3.7618993570532067,-0.027730606696675597,39.64209763361297,0.47619047619047616,0.00035027947287864363,14.418688937149097,6.704549361068948,0.07981606382224939,0.988406299273703,1.0000000000000002,0.008045459233282738,2024-03-01 08:00:00+00:00
2024-02-16 16:00:00+00:00,84.0,0.02382497793684646,0.8475625330562497,0.22517636915398231,2.839104916243155,3.164044701699399,-0.02773060669667582,30.56415398072955,0.4642857142857143,0.0002919175053364633,11.28659554977157,6.704549361068948,0.07981606382224939,0.9880490118749544,1.0000000000000002,0.008045459233282738,2024-03-01 12:00:00+00:00
2024-02-16 20:00:00+00:00,84.0,0.027827919193194495,1.0454182554504925,0.22393954197794183,3.307981773965926,3.7082428815170534,-0.027730606696675597,37.69907621876226,0.4642857142857143,0.0003382593257229721,13.785414550425276,6.704549361068948,0.07981606382224939,0.9876917244762062,1.0000000000000002,0.008045459233282738,2024-03-01 16:00:00+00:00
2024-02-17 00:00:00+00:00,84.0,0.027097456524883823,1.0078552533785796,0.2239261494984412,3.225364955211917,3.615413315658781,-0.027730606696675708,36.344507871852635,0.4642857142857143,0.000329791577693067,13.317127174382877,6.704549361068947,0.07981606382224937,0.9873344370774577,1.0000000000000002,0.008045459233282738,2024-03-01 20:00:00+00:00
2024-02-17 04:00:00+00:00,84.0,0.021792329025021706,0.7542736758019033,0.22430076419571182,2.6182490902991877,2.9570279163028177,-0.027730606696675597,27.200042323355557,0.4523809523809524,0.0002681622245702443,10.12829859061755,6.704549361068947,0.07981606382224937,0.9869771496787091,1.0,0.008045459233282738,2024-03-02 00:00:00+00:00
2024-02-17 08:00:00+00:00,84.0,0.01894381597158512,0.6311291352098736,0.22210622572488592,2.31415462295612,2.588015158043642,-0.02773060669667582,22.759297772072532,0.4523809523809524,0.00023469778495368958,8.557241781726052,6.9360268111684915,0.08257174775200585,0.9863847232960559,1.0,0.00832323217340219,2024-03-02 04:00:00+00:00
2024-02-17 12:00:00+00:00,84.0,0.015037929232471381,0.4757135483338093,0.2217133877281493,1.8661440585357787,2.1049197653866702,-0.027730606696675708,17.154819349510912,0.44047619047619047,0.0001889265393638015,6.548256928568676,6.9360268111684915,0.08257174775200585,0.9857922969134026,1.0,0.00832323217340219,2024-03-02 08:00:00+00:00
2024-02-17 16:00:00+00:00,84.0,0.014026944789477191,0.43786788354730244,0.22222964023938674,1.7453981189149155,1.9633562817968855,-0.027730606696675597,15.790057835258072,0.44047619047619047,0.00017711378814655888,6.04597929897065,6.9360268111684915,0.08257174775200585,0.9851998705307494,1.0,0.00832323217340219,2024-03-02 12:00:00+00:00
2024-02-17 20:00:00+00:00,84.0,0.009088860106384322,0.26603402784343566,0.22259909928596522,1.1710318683674041,1.3266027039256778,-0.027730606696675597,9.593516317669616,0.42857142857142855,0.00011902768910216674,3.760005537381377,6.9360268111684915,0.08257174775200585,0.9846074441480962,1.0,0.00832323217340219,2024-03-02 16:00:00+00:00
2024-02-18 00:00:00+00:00,84.0,0.010349788170978647,0.30793160564490907,0.2220240334622644,1.3201461755877677,1.5001004185646332,-0.030129541186263098,10.220255387934806,0.42857142857142855,0.00013383752450400863,4.062160636482625,6.9360268111684915,0.08257174775200585,0.984015017765443,1.0,0.00832323217340219,2024-03-02 20:00:00+00:00
2024-02-18 04:00:00+00:00,84.0,0.00040888779834058475,0.010715110171482412,0.22121382552663763,0.15875449852755794,0.17973531774609713,-0.0341804302238945,0.3134866969577172,0.4166666666666667,1.6035931478924224e-05,0.21356648574402137,6.9360268111684915,0.08257174775200585,0.9834225913827898,1.0,0.00832323217340219,2024-03-03 00:00:00+00:00
2024-02-18 08:00:00+00:00,84.0,-0.007843907143814,-0.18560366267779882,0.22306700937855906,-0.8088452129805753,-0.9132564028956588,-0.040049530271385136,-4.634353047841118,0.40476190476190477,-8.238661310947059e-05,-1.9982620394047714,7.135335707989278,0.08494447271415807,0.9835576607795292,1.0,0.008562402849587135,2024-03-03 04:00:00+00:00
2024-02-18 12:00:00+00:00,84.0,0.004043417576506059,0.1109384643034339,0.22057965216882058,0.5872098577639446,0.6719851769118561,-0.04004953027138469,2.7700315971670513,0.4166666666666667,5.914454163272763e-05,1.2759665072440411,7.135335707989278,0.08494447271415807,0.9836927301762687,1.0,0.008562402849587135,2024-03-03 08:00:00+00:00
2024-02-18 16:00:00+00:00,84.0,-0.007810938690336888,-0.18489783265359006,0.22569321940143583,-0.792970136426963,-0.8896389569974923,-0.045342418394133444,-4.077811444603333,0.40476190476190477,-8.172054017324066e-05,-1.817090057108086,7.135335707989277,0.08494447271415806,0.983827799573008,1.0,0.008562402849587135,2024-03-03 12:00:00+00:00
2024-02-18 20:00:00+00:00,84.0,-0.0019271495390555948,-0.049048310349031676,0.2230013045349018,-0.11404491612069077,-0.12975628117479396,-0.046331045438743335,-1.058648901283287,0.40476190476190477,-1.1612860762779677e-05,-0.4037106576911109,7.135335707989277,0.08494447271415806,0.9839628689697474,1.0,0.008562402849587135,2024-03-03 16:00:00+00:00
2024-02-19 00:00:00+00:00,84.0,-0.007655790216290481,-0.18156831369858695,0.22167042689872293,-0.7930400242125616,-0.905355558661324,-0.04724813769387359,-3.842867096159219,0.39285714285714285,-8.027101402510141e-05,-1.7529143595760637,7.135335707989277,0.08494447271415806,0.9840979383664867,1.0,0.008562402849587133,2024-03-03 20:00:00+00:00
2024-02-19 04:00:00+00:00,84.0,-0.006283289573889905,-0.1515389906116834,0.22106456419077358,-0.6328312057176381,-0.7248240536188039,-0.0502205731885943,-3.01746835988124,0.39285714285714285,-6.387970534168557e-05,-1.385019491127185,7.135335707989277,0.08494447271415806,0.984233007763226,1.0,0.008562402849587133,2024-03-04 00:00:00+00:00
2024-02-19 08:00:00+00:00,84.0,0.006795564978775204,0.19311891439288864,0.20644731830750634,0.9583626815019625,1.2046630145513995,-0.0528424011293106,3.654620347782976,0.39285714285714285,9.034310756258948e-05,1.8657601146060414,7.515096668899551,0.08946543653451847,0.9838131373874358,1.0,0.00901811600267946,2024-03-04 04:00:00+00:00
2024-02-19 12:00:00+00:00,84.0,0.011303470250585201,0.34050245478976904,0.2076104033496322,1.515236215597901,1.896518128967497,-0.05284240112931171,6.443735475920532,0.40476190476190477,0.00014364328853436095,3.146298759042528,7.515096668899551,0.08946543653451847,0.9833932670116452,1.0,0.00901811600267946,2024-03-04 08:00:00+00:00
2024-02-19 16:00:00+00:00,84.0,0.01040777864796949,0.309890212626067,0.20728670130958107,1.4058184813968138,1.7568239091882472,-0.05284240112931149,5.864423379772801,0.40476190476190477,0.00013306277426885395,2.883802122026183,7.515096668899551,0.08946543653451847,0.9829733966358548,1.0,0.00901811600267946,2024-03-04 12:00:00+00:00
2024-02-19 20:00:00+00:00,84.0,0.005103166842302498,0.1419171040797662,0.20832763585573075,0.7410233972981126,0.9275953819811273,-0.052842401129310934,2.68566721130783,0.39285714285714285,7.049116551273867e-05,1.3990453353742338,7.515096668899551,0.08946543653451847,0.9825535262600644,1.0,0.00901811600267946,2024-03-04 16:00:00+00:00
2024-02-20 00:00:00+00:00,84.0,-0.0072976411772009975,-0.17383234268871184,0.203623468069224,-0.8361077137341529,-1.0246392704423466,-0.0531886957598402,-3.2682196885143946,0.38095238095238093,-7.77402522146019e-05,-1.641153928851503,7.515096668899551,0.08946543653451847,0.982133655884274,1.0,0.00901811600267946,2024-03-04 20:00:00+00:00
2024-02-20 04:00:00+00:00,84.0,-0.017689147708601416,-0.3720589918245313,0.19714321508902383,-2.2615749556124873,-2.70795185211141,-0.05386527504724359,-6.9072141838728145,0.36904761904761907,-0.000203586373476832,-3.8338174826901543,7.515096668899551,0.08946543653451847,0.9817137855084836,1.0,0.00901811600267946,2024-03-05 00:00:00+00:00
2024-02-20 08:00:00+00:00,84.0,-0.014768554276792356,-0.32152580809647324,0.19693629326269502,-1.8712101506377883,-2.2251681913454067,-0.053865275047244365,-5.969073912914547,0.38095238095238093,-0.0001682690369781439,-3.2421524956038636,8.366270521790366,0.09959845859274245,0.9814186328745113,1.0,0.01003952462614844,2024-03-05 04:00:00+00:00
2024-02-20 12:00:00+00:00,84.0,-0.017162241909741915,-0.3632182096080916,0.1967797462868525,-2.195082516982736,-2.6315031467308967,-0.054001559974674374,-6.72606883538982,0.36904761904761907,-0.00019723642957560197,-3.7289466644041256,8.366270521790366,0.09959845859274245,0.981123480240539,1.0,0.01003952462614844,2024-03-05 08:00:00+00:00
2024-02-20 16:00:00+00:00,84.0,-0.011277060817291185,-0.25597410108541985,0.19908825822292733,-1.3856614148073503,-1.6647781349986264,-0.054001559974674596,-4.740124196513312,0.38095238095238093,-0.00012596754226516555,-2.503646937395649,8.366270521790366,0.09959845859274245,0.9808283276065668,1.0,0.01003952462614844,2024-03-05 12:00:00+00:00
2024-02-20 20:00:00+00:00,84.0,-0.020274357451586122,-0.4137525627825672,0.19468302912011723,-2.645440996337495,-3.134608552337955,-0.05400155997467415,-7.661863156853439,0.36904761904761907,-0.00023517007603905227,-4.3460346668924625,8.366270521790366,0.09959845859274245,0.9805331749725943,1.0,0.01003952462614844,2024-03-05 16:00:00+00:00
2024-02-21 00:00:00+00:00,84.0,-0.020969286132080267,-0.4244980161448192,0.19484791095874532,-2.7379566485324367,-3.2400368101962917,-0.05400155997467382,-7.860847285595165,0.36904761904761907,-0.0002436005174713027,-4.475655904316797,8.366270521790366,0.09959845859274245,0.9802380223386221,1.0,0.01003952462614844,2024-03-05 20:00:00+00:00
2024-02-21 04:00:00+00:00,84.0,-0.01877417019306571,-0.3898939339819375,0.1947795683868371,-2.4392793462372597,-2.863661428742197,-0.05400155997467393,-7.2200494608821115,0.38095238095238093,-0.00021695058366895875,-4.04326321363269,8.366270521790366,0.09959845859274245,0.9799428697046498,1.0,0.01003952462614844,2024-03-06 00:00:00+00:00
2024-02-21 08:00:00+00:00,84.0,-0.026968709942052027,-0.5097146948849143,0.1941251361351568,-3.5741620964244376,-4.174125439267888,-0.054909552269858386,-9.282805519518195,0.36904761904761907,-0.000316819499332197,-5.526740460489945,7.855981498608961,0.0935235892691543,0.9807478415904185,1.0000000000000002,0.009427177798330754,2024-03-06 04:00:00+00:00
2024-02-21 12:00:00+00:00,84.0,-0.019375153782668186,-0.39956185135317357,0.19818837913664972,-2.4745357382663538,-2.922576770501681,-0.054909552269858164,-7.276727542586565,0.38095238095238093,-0.0002239380032341194,-4.094409692456548,7.855981498608961,0.0935235892691543,0.9815528134761871,1.0000000000000002,0.009427177798330754,2024-03-06 08:00:00+00:00
2024-02-21 16:00:00+00:00,84.0,-0.016430135372011545,-0.35073550930395836,0.19768921498734326,-2.08589434920643,-2.449821657809123,-0.05490955226985794,-6.38751355283753,0.39285714285714285,-0.00018829169700509333,-3.521951033736837,7.855981498608961,0.0935235892691543,0.9823577853619556,1.0000000000000002,0.009427177798330754,2024-03-06 12:00:00+00:00
2024-02-21 20:00:00+00:00,84.0,-0.018831312036463155,-0.3908195661422691,0.1980527265909255,-2.4033978741672555,-2.8140662090761612,-0.054909552269858164,-7.117515076822144,0.39285714285714285,-0.00021735137080441046,-3.9819003689272843,7.855981498608961,0.0935235892691543,0.9831627572477241,1.0000000000000002,0.009427177798330754,2024-03-06 16:00:00+00:00
2024-02-22 00:00:00+00:00,84.0,-0.021999482763902622,-0.44007980608363273,0.19807409946112295,-2.8287165551586257,-3.3356766358281367,-0.05490955226985761,-8.01463111410604,0.38095238095238093,-0.0002558426868921528,-4.587274955110654,7.855981498608961,0.0935235892691543,0.9839677291334927,1.0000000000000002,0.009427177798330754,2024-03-06 20:00:00+00:00
2024-02-22 04:00:00+00:00,84.0,-0.026051338862786877,-0.49751993649089155,0.19609459761713277,-3.4110684364716666,-3.982198299591828,-0.05490955226985683,-9.060717414809632,0.38095238095238093,-0.0003054301792211934,-5.33441507522112,7.855981498608961,0.0935235892691543,0.9847727010192613,1.0000000000000002,0.009427177798330754,2024-03-07 00:00:00+00:00
2024-02-22 08:00:00+00:00,84.0,-0.0260914097044469,-0.4980586428366164,0.19606535492773208,-3.4170755982106304,-3.9886163734552,-0.05490955226985805,-9.070528209533768,0.38095238095238093,-0.0003059224383461459,-5.341727691705399,8.209143227064951,0.09772789556029704,0.9846483825606933,1.0000000000000002,0.009850971872477942,2024-03-07 04:00:00+00:00
2024-02-22 12:00:00+00:00,84.0,-0.026413574986500543,-0.5023696473590857,0.19624443942301179,-3.457718137187319,-4.031035035995213,-0.054909552269857165,-9.149039221630364,0.38095238095238093,-0.00030984381621694334,-5.39444122204339,8.209143227064951,0.09772789556029704,0.9845240641021252,1.0000000000000002,0.009850971872477942,2024-03-07 08:00:00+00:00
2024-02-22 16:00:00+00:00,84.0,-0.02313316661656184,-0.45675787910179144,0.19749359905894764,-2.9906820865852213,-3.5087538221774417,-0.054909552269858275,-8.318368302422336,0.38095238095238093,-0.00026969888991819113,-4.796216645573244,8.209143227064951,0.09772789556029704,0.984399745643557,1.0000000000000002,0.009850971872477942,2024-03-07 12:00:00+00:00
2024-02-22 20:00:00+00:00,84.0,-0.027136440517522065,-0.5119133694570168,0.19571538816003484,-3.566503898465272,-4.1466492502851775,-0.05490955226985861,-9.322847269654764,0.38095238095238093,-0.00031873045427507224,-5.525465050550082,8.209143227064951,0.09772789556029704,0.9842754271849888,1.0000000000000002,0.009850971872477942,2024-03-07 16:00:00+00:00
2024-02-23 00:00:00+00:00,84.0,-0.03797526407925844,-0.6355472522815684,0.1929968826407217,-5.132350499440396,-5.864646518347488,-0.05490955226985861,-11.574438799976122,0.36904761904761907,-0.00045229572922901714,-7.357895397163951,8.209143227064953,0.09772789556029705,0.9841511087264208,1.0000000000000002,0.009850971872477942,2024-03-07 20:00:00+00:00
2024-02-23 04:00:00+00:00,84.0,-0.05582191641675449,-0.7763237183301605,0.18416746794034036,-8.036682382108305,-8.582713668550317,-0.05482820459660953,-14.159203717171632,0.35714285714285715,-0.0006758426689285979,-10.091851297204109,8.209143227064953,0.09772789556029705,0.9840267902678524,1.0000000000000002,0.009850971872477942,2024-03-08 00:00:00+00:00
2024-02-23 08:00:00+00:00,84.0,-0.05342025820854035,-0.7610074896216978,0.1825262826565337,-7.747976539346612,-8.352521156382554,-0.05857514773246275,-12.991985834974553,0.35714285714285715,-0.0006457576967292107,-9.562997174849372,8.993457772242662,0.10706497347907931,0.9835823524448369,1.0000000000000002,0.010792149326691196,2024-03-08 04:00:00+00:00
2024-02-23 12:00:00+00:00,84.0,-0.05972537165242531,-0.7992237769297431,0.18343429076466392,-8.657945507771565,-9.304767081566755,-0.06326034740974096,-12.633882197217858,0.34523809523809523,-0.0007251890838799931,-10.10945514412353,8.993457772242662,0.10706497347907931,0.9831379146218214,1.0000000000000002,0.010792149326691196,2024-03-08 08:00:00+00:00
2024-02-23 16:00:00+00:00,84.0,-0.05494548217534323,-0.7708471061291748,0.18672915858078962,-7.794445873403307,-8.52722100688167,-0.06326034740974151,-12.185312564541361,0.34523809523809523,-0.0006645891870064416,-9.404815934136067,8.993457772242662,0.10706497347907931,0.9826934767988058,1.0000000000000002,0.010792149326691196,2024-03-08 12:00:00+00:00
2024-02-23 20:00:00+00:00,84.0,-0.0514639360546687,-0.7477907392972389,0.1869178592222813,-7.273821147717541,-7.9171382041795635,-0.06326034740974174,-11.820844650974575,0.35714285714285715,-0.0006208251494507396,-8.89525502127946,8.993457772242662,0.10706497347907931,0.9822490389757901,1.0000000000000002,0.010792149326691196,2024-03-08 16:00:00+00:00
2024-02-24 00:00:00+00:00,84.0,-0.04922494353290796,-0.7318014691979033,0.18573932108937044,-6.990423838147694,-7.6652196288122045,-0.06326034740974151,-11.568091216097441,0.35714285714285715,-0.0005928751496915543,-8.633642367798423,8.993457772242664,0.10706497347907933,0.9818046011527747,1.0000000000000002,0.010792149326691196,2024-03-08 20:00:00+00:00
2024-02-24 04:00:00+00:00,84.0,-0.06204179661012443,-0.8117288633228301,0.17827702554831049,-9.274055179484218,-9.758993430928099,-0.06006940173592101,-13.513183748547688,0.34523809523809523,-0.0007549547818124881,-10.739769050780811,8.993457772242664,0.10706497347907933,0.9813601633297592,1.0000000000000002,0.010792149326691196,2024-03-09 00:00:00+00:00
2024-02-24 08:00:00+00:00,84.0,-0.05540737374997107,-0.7737492224183511,0.17914369632994348,-8.203286193836552,-8.6645262190946,-0.05927452640663067,-13.053655074531251,0.35714285714285715,-0.0006710351647562892,-9.842892868148182,9.498233003518282,0.11307420242283668,0.9815916167823243,1.0000000000000002,0.01139787960422194,2024-03-09 04:00:00+00:00
2024-02-24 12:00:00+00:00,84.0,-0.057215084040929565,-0.7847710972215993,0.17946981842988025,-8.46613785330584,-8.913962646502025,-0.05927452640663078,-13.239601305929801,0.35714285714285715,-0.0006937973622534864,-10.077306806371503,9.498233003518282,0.11307420242283668,0.9818230702348897,1.0000000000000002,0.01139787960422194,2024-03-09 08:00:00+00:00
2024-02-24 16:00:00+00:00,84.0,-0.0619847748415161,-0.8114302310238934,0.18221960545508,-9.060796423308496,-9.392833263118634,-0.06389022751036977,-12.700380991634338,0.35714285714285715,-0.0007539062782484356,-10.285486529730303,9.498233003518283,0.11307420242283671,0.9820545236874548,1.0000000000000002,0.01139787960422194,2024-03-09 12:00:00+00:00
2024-02-24 20:00:00+00:00,84.0,-0.05726910601442403,-0.7850923976594951,0.18300480825805251,-8.307247506784377,-8.594094768009038,-0.06389022751036932,-12.288145280623322,0.36904761904761907,-0.0006941854964069678,-9.616255743425924,9.498233003518283,0.11307420242283671,0.9822859771400202,1.0000000000000002,0.01139787960422194,2024-03-09 16:00:00+00:00
2024-02-25 00:00:00+00:00,84.0,-0.052617269395921706,-0.7556652099542214,0.1851100003923403,-7.517876101782809,-7.792438121702343,-0.06389022751036944,-11.827555471321123,0.38095238095238093,-0.0006354493370550601,-8.920604720612117,9.498233003518282,0.11307420242283668,0.9825174305925853,1.0000000000000002,0.01139787960422194,2024-03-09 20:00:00+00:00
2024-02-25 04:00:00+00:00,84.0,-0.058261030392421254,-0.7909106124208577,0.18916943185359253,-8.175436458642123,-8.304230663559329,-0.0647353415044275,-12.217601607411993,0.38095238095238093,-0.0007061838675965648,-9.439603685239966,9.498233003518282,0.11307420242283668,0.9827488840451505,1.0000000000000002,0.01139787960422194,2024-03-10 00:00:00+00:00
2024-02-25 08:00:00+00:00,84.0,-0.06503399333644166,-0.8267770871602537,0.19356497042705378,-8.956878377675903,-8.910998804877385,-0.07299603743125727,-11.32632833582037,0.38095238095238093,-0.000791661140773312,-9.649361535999835,9.858598287361529,0.11736426532573249,0.9827488840451505,1.0000000000000002,0.011830317944833838,2024-03-10 04:00:00+00:00
2024-02-25 12:00:00+00:00,84.0,-0.05729755896849764,-0.785261438610123,0.19588118313193364,-7.752690647818981,-7.763109725757726,-0.07299603743125715,-10.75758994931239,0.39285714285714285,-0.0006934274961418534,-8.658328069442502,9.858598287361529,0.11736426532573249,0.9827488840451505,1.0000000000000002,0.011830317944833838,2024-03-10 08:00:00+00:00
2024-02-25 16:00:00+00:00,84.0,-0.05232535597733923,-0.7536947975254935,0.19253245032124783,-7.179055413534254,-7.302446761717516,-0.07299603743125749,-10.325146734646658,0.39285714285714285,-0.0006311420683834561,-8.17223934914128,9.858598287361529,0.11736426532573249,0.9827488840451506,1.0000000000000002,0.011830317944833838,2024-03-10 12:00:00+00:00
2024-02-25 20:00:00+00:00,84.0,-0.06896175141318606,-0.8447831057277222,0.19175680708338044,-9.615022693251875,-9.365882586157575,-0.0791508227883605,-10.673080531159703,0.38095238095238093,-0.0008418931742886871,-9.832784001786504,9.858598287361529,0.11736426532573249,0.9827488840451505,1.0000000000000002,0.011830317944833838,2024-03-10 16:00:00+00:00
2024-02-26 00:00:00+00:00,84.0,-0.06612908461682798,-0.8319897689716798,0.1917278473791755,-9.203751686795858,-8.905491597373757,-0.07915082278836083,-10.51144813991781,0.39285714285714285,-0.0008057605016994635,-9.476756586963603,9.85859828736153,0.1173642653257325,0.9827488840451505,1.0000000000000002,0.011830317944833838,2024-03-10 20:00:00+00:00
2024-02-26 04:00:00+00:00,84.0,-0.05886051778094736,-0.7943531966064143,0.19254331317478574,-8.114943474863693,-7.872113698313573,-0.07915082278836028,-10.035943640540777,0.40476190476190477,-0.0007134603209481115,-8.59411161394677,9.85859828736153,0.1173642653257325,0.9827488840451505,1.0000000000000002,0.011830317944833838,2024-03-11 00:00:00+00:00
2024-02-26 08:00:00+00:00,84.0,-0.05520475428351235,-0.772480519994599,0.1922675286432512,-7.601519820429598,-7.330083662949625,-0.07915082278836028,-9.759601893970432,0.4166666666666667,-0.0006673632099573924,-8.140369979499859,9.403077023233053,0.11194139313372682,0.9824944568494612,1.0000000000000002,0.011283692427879664,2024-03-11 04:00:00+00:00
2024-02-26 12:00:00+00:00,84.0,-0.058148701835240124,-0.7902594250563296,0.18978337062238249,-8.131935444095165,-7.740243675345031,-0.07915082278836016,-9.984222490894236,0.4166666666666667,-0.0007047059900748862,-8.530944850634834,9.403077023233053,0.11194139313372682,0.9822400296537717,1.0000000000000002,0.011283692427879664,2024-03-11 08:00:00+00:00
2024-02-26 16:00:00+00:00,84.0,-0.04533970150947941,-0.7017152552405657,0.19209014571873576,-6.199766259513016,-6.040687159460628,-0.07915082278836139,-8.865545935218607,0.42857142857142855,-0.0005437963489552313,-6.935868522203738,9.403077023233053,0.11194139313372682,0.9819856024580822,1.0000000000000002,0.011283692427879664,2024-03-11 12:00:00+00:00
2024-02-26 20:00:00+00:00,84.0,-0.04911085993448261,-0.7309611969082679,0.1910893997061394,-6.772954116176528,-6.630947428975182,-0.07915082278836061,-9.235042304775108,0.4166666666666667,-0.0005909770485376249,-7.454777897875564,9.403077023233053,0.11194139313372682,0.9817311752623927,1.0000000000000002,0.011283692427879664,2024-03-11 16:00:00+00:00
2024-02-27 00:00:00+00:00,84.0,-0.04605008185845916,-0.707448389641615,0.19071745987669678,-6.3474699768509435,-6.171894243651267,-0.0791508227883605,-8.937978971276705,0.42857142857142855,-0.0005527732194651174,-7.0543923818988015,9.403077023233053,0.11194139313372682,0.9814767480667035,1.0000000000000002,0.011283692427879664,2024-03-11 20:00:00+00:00
2024-02-27 04:00:00+00:00,84.0,-0.052338642716272865,-0.7537848138398754,0.1887482796421798,-7.328696415824381,-7.112713594450563,-0.07915082278836072,-9.523398333525863,0.4166666666666667,-0.0006316341737473337,-7.900713862585299,9.403077023233053,0.11194139313372682,0.9812223208710141,1.0000000000000002,0.011283692427879664,2024-03-12 00:00:00+00:00
2024-02-27 08:00:00+00:00,84.0,-0.04500231382480602,-0.6989546680558447,0.19178287454988002,-6.162002486920475,-6.023174756764934,-0.07915082278836105,-8.830668380097046,0.42857142857142855,-0.0005396194291895517,-6.9070711628112305,9.908997452676836,0.11796425538900995,0.9812223208710141,1.0000000000000002,0.011890796943212205,2024-03-12 04:00:00+00:00
2024-02-27 12:00:00+00:00,84.0,-0.04256238363578557,-0.6782464163798041,0.19264778033264085,-5.788337774538427,-5.6834448036730505,-0.0791508227883605,-8.569038103284802,0.42857142857142855,-0.0005091828420458475,-6.580590684816189,9.908997452676836,0.11796425538900995,0.9812223208710141,1.0000000000000002,0.011890796943212205,2024-03-12 08:00:00+00:00
2024-02-27 16:00:00+00:00,84.0,-0.04351727527894811,-0.6865089194226952,0.19179879287756058,-5.95037302036812,-5.816795991606726,-0.07915082278836061,-8.673427454548818,0.42857142857142855,-0.0005211298458802784,-6.713858539117773,9.908997452676836,0.11796425538900995,0.9812223208710141,1.0000000000000002,0.011890796943212205,2024-03-12 12:00:00+00:00
2024-02-27 20:00:00+00:00,84.0,-0.04179283373142528,-0.67143564163977,0.19240330150437385,-5.6871197605397885,-5.576974576711584,-0.07915082278836061,-8.482990043389755,0.42857142857142855,-0.0004996441177984563,-6.481822771863497,9.908997452676836,0.11796425538900995,0.9812223208710142,1.0000000000000002,0.011890796943212205,2024-03-12 16:00:00+00:00
2024-02-28 00:00:00+00:00,84.0,-0.03733445055358009,-0.6291648797009777,0.19184547647100197,-5.0736691372339555,-4.9488345257517095,-0.07915082278836083,-7.94893669498906,0.44047619047619047,-0.0004444568370268793,-5.8863155599675885,9.908997452676836,0.11796425538900995,0.9812223208710142,1.0000000000000002,0.011890796943212205,2024-03-12 20:00:00+00:00
2024-02-28 04:00:00+00:00,84.0,-0.028752480055749707,-0.5326169174141686,0.1967887174853367,-3.765987801309094,-3.728809299835528,-0.07915082278836072,-6.729139365213156,0.4523809523809524,-0.00033840361163700437,-4.640061869890886,9.908997452676836,0.11796425538900995,0.9812223208710141,1.0000000000000002,0.011890796943212205,2024-03-13 00:00:00+00:00
2024-02-28 08:00:00+00:00,84.0,-0.02949117410827362,-0.5417968054784743,0.19688960216472248,-3.8646718655395675,-3.823772698765324,-0.07915082278836072,-6.845119057412333,0.4523809523809524,-0.00034744918086907823,-4.742446356391699,9.641623186471843,0.11478122841037909,0.981531987965735,1.0000000000000002,0.01156994782376621,2024-03-13 04:00:00+00:00
2024-02-28 12:00:00+00:00,84.0,-0.01864028423292685,-0.38771983525246567,0.20042338780718238,-2.347133505192072,-2.3549070973495607,-0.0791508227883605,-4.898494059741874,0.4642857142857143,-0.000214803857875042,-3.115651108420008,9.641623186471843,0.11478122841037909,0.9818416550604557,1.0000000000000002,0.01156994782376621,2024-03-13 08:00:00+00:00
2024-02-28 16:00:00+00:00,84.0,-0.024643015989014194,-0.47822950015411947,0.20377457384205327,-3.089990821290847,-3.0513446973054723,-0.07915082278836016,-6.042002891528342,0.4642857142857143,-0.0002875166953353418,-3.960135992767946,9.641623186471843,0.11478122841037909,0.9821513221551768,1.0000000000000002,0.01156994782376621,2024-03-13 12:00:00+00:00
2024-02-28 20:00:00+00:00,84.0,-0.028167234586194856,-0.5252186515337056,0.20266260296336025,-3.5735811062950593,-3.5096301117526925,-0.07915082278836028,-6.635668879123048,0.4642857142857143,-0.0003306992004120736,-4.466627040326509,9.641623186471843,0.11478122841037909,0.9824609892498974,1.0000000000000002,0.01156994782376621,2024-03-13 16:00:00+00:00
2024-02-29 00:00:00+00:00,84.0,-0.02852652997257632,-0.5297738480945973,0.20233789442496353,-3.6272691268858837,-3.5566497055791917,-0.07915082278836083,-6.693219721937,0.4642857142857143,-0.0003351296792907605,-4.518806536878541,9.641623186471843,0.11478122841037909,0.9827706563446182,1.0000000000000002,0.011569947823766212,2024-03-13 20:00:00+00:00
2024-02-29 04:00:00+00:00,84.0,-0.026755524779048745,-0.5069064361215782,0.20174724276556502,-3.4031885214070567,-3.347011803084481,-0.07915082278836094,-6.404310381927177,0.4642857142857143,-0.0003135086305047003,-4.281054392234062,9.641623186471843,0.11478122841037909,0.9830803234393393,1.0000000000000002,0.011569947823766212,2024-03-14 00:00:00+00:00
2024-02-29 08:00:00+00:00,84.0,-0.028168256519972346,-0.5252316677264248,0.2011616725026934,-3.6018854836883305,-3.532146977663112,-0.07915082278836139,-6.635833327100381,0.4642857142857143,-0.0003308499123570399,-4.484174434301858,8.537110013215571,0.10163226206209013,0.9832492064752456,1.0000000000000002,0.010244532015858685,2024-03-14 04:00:00+00:00
2024-02-29 12:00:00+00:00,84.0,-0.020385501654040405,-0.41548401549768976,0.20490975105623152,-2.517721566587443,-2.487460464134928,-0.07915082278836061,-5.249269696268882,0.47619047619047616,-0.00023557337873896718,-3.3250815645108682,8.537110013215571,0.10163226206209013,0.9834180895111518,1.0000000000000002,0.010244532015858685,2024-03-14 08:00:00+00:00
2024-02-29 16:00:00+00:00,84.0,-0.027310418820393978,-0.5141839222755753,0.20412264122867577,-3.4340552954738044,-3.400776959925193,-0.07915082278836072,-6.496254923975181,0.4642857142857143,-0.000320076911889239,-4.339403849804773,8.537110013215571,0.10163226206209013,0.9835869725470581,1.0000000000000002,0.010244532015858687,2024-03-14 12:00:00+00:00
2024-02-29 20:00:00+00:00,84.0,-0.03212619422553642,-0.573151067840854,0.20410416136679307,-4.068151521831567,-4.054694357497465,-0.0791508227883605,-7.2412521771680005,0.4523809523809524,-0.0003791445911764726,-5.0146988526988565,8.537110013215571,0.10163226206209013,0.9837558555829644,1.0000000000000002,0.010244532015858687,2024-03-14 16:00:00+00:00
2024-03-01 00:00:00+00:00,84.0,-0.03768563873648456,-0.6326758353053884,0.20384015960946453,-4.810158229041235,-4.816316602058416,-0.07328746130755748,-8.632797807667357,0.44047619047619047,-0.0004477184571481939,-5.959413451835944,8.537110013215571,0.10163226206209013,0.9839247386188706,1.0000000000000002,0.010244532015858685,2024-03-14 20:00:00+00:00
2024-03-01 04:00:00+00:00,84.0,-0.0345299201231859,-0.599945443497031,0.2020529292338849,-4.432246028820411,-4.476731560548327,-0.07015129609107129,-8.552164777086576,0.44047619047619047,-0.00040892616128238257,-5.686015865991427,8.537110013215571,0.10163226206209013,0.9840936216547769,1.0000000000000002,0.010244532015858685,2024-03-15 00:00:00+00:00
2024-03-01 08:00:00+00:00,84.0,-0.03690708768087514,-0.62484883625633,0.20337093778289547,-4.718100433745591,-4.734718558285474,-0.06657961589678008,-9.384987099130276,0.44047619047619047,-0.0004381390455546697,-6.124813683176949,8.206324372169625,0.09769433776392411,0.9843332762661086,1.0000000000000002,0.009847589246603552,2024-03-15 04:00:00+00:00
2024-03-01 12:00:00+00:00,84.0,-0.02994822546588749,-0.547389572002637,0.20314812283816358,-3.7998978460303983,-3.8072843953766453,-0.06657961589677952,-8.221579001766433,0.4523809523809524,-0.00035248498374331345,-5.129356812489707,8.206324372169625,0.09769433776392411,0.98457293087744,1.0000000000000002,0.009847589246603552,2024-03-15 08:00:00+00:00
2024-03-01 16:00:00+00:00,84.0,-0.03242202227721247,-0.5765394823728773,0.20404689152834946,-4.108396502897829,-4.097024457724368,-0.06657961589677974,-8.659399346290954,0.4523809523809524,-0.0003827879157909788,-5.469148537846381,8.206324372169624,0.09769433776392408,0.9848125854887716,1.0000000000000002,0.00984758924660355,2024-03-15 12:00:00+00:00
2024-03-01 20:00:00+00:00,84.0,-0.032900495907221106,-0.581965234332873,0.20406814912387192,-4.171115895836398,-4.1583156368822385,-0.06657961589677963,-8.740892035711216,0.4523809523809524,-0.0003886721007509109,-5.53692863421718,8.206324372169624,0.09769433776392408,0.9850522401001033,1.0000000000000002,0.00984758924660355,2024-03-15 16:00:00+00:00
2024-03-02 00:00:00+00:00,84.0,-0.03258866224280932,-0.5784367718986098,0.20409649709696948,-4.129341790859743,-4.117241591734778,-0.06657961589677996,-8.68789589887954,0.4523809523809524,-0.0003848329656760731,-5.492067943615696,8.206324372169625,0.09769433776392411,0.9852918947114349,1.0000000000000002,0.00984758924660355,2024-03-15 20:00:00+00:00
2024-03-02 04:00:00+00:00,84.0,-0.019027652076788693,-0.39398976806569097,0.2117700292025909,-2.2589755826898905,-2.32270985216262,-0.06657961589677996,-5.9175734608698125,0.4642857142857143,-0.00021843987448135976,-3.3820486539329586,8.206324372169625,0.09769433776392411,0.9855315493227663,1.0000000000000002,0.00984758924660355,2024-03-16 00:00:00+00:00
2024-03-02 08:00:00+00:00,84.0,-0.023639691569664056,-0.4640541910717815,0.20977454359404138,-2.8680118882328935,-2.921141945914024,-0.06579403008253526,-7.053135223509627,0.4642857142857143,-0.0002747195821353151,-4.144800911888366,8.727999558382672,0.10390475664741276,0.9861239757054195,1.0000000000000002,0.010473599470059207,2024-03-16 04:00:00+00:00
2024-03-02 12:00:00+00:00,84.0,-0.025727179535456002,-0.493141498832532,0.21020463192417985,-3.127098154305157,-3.176729334910224,-0.061342246012694335,-8.039182307254936,0.4642857142857143,-0.00030015092078378885,-4.620575872432117,8.727999558382672,0.10390475664741276,0.9867164020880727,1.0000000000000002,0.010473599470059207,2024-03-16 08:00:00+00:00
2024-03-02 16:00:00+00:00,84.0,-0.014779777127459925,-0.32172727377303345,0.2117007330365161,-1.7277628943866583,-1.7707081683905275,-0.05857680018301781,-5.492400963655001,0.47619047619047616,-0.0001670176581072823,-2.874332424768709,8.727999558382674,0.10390475664741279,0.9873088284707257,1.0000000000000002,0.01047359947005921,2024-03-16 12:00:00+00:00
2024-03-02 20:00:00+00:00,84.0,-0.007005543035263684,-0.16747104800416857,0.2127797948526029,-0.7549919007503154,-0.7727122759414083,-0.055560951527852676,-3.0141861037101823,0.4880952380952381,-7.335480445526431e-05,-1.4398383117147127,8.727999558382674,0.10390475664741279,0.9879012548533789,1.0000000000000002,0.01047359947005921,2024-03-16 16:00:00+00:00
2024-03-03 00:00:00+00:00,84.0,-0.007740362503058318,-0.18338487093914113,0.2130944822106564,-0.8441249306852401,-0.8625486298811493,-0.05159973774849891,-3.553988429805072,0.4880952380952381,-8.213623973766094e-05,-1.6644534600995533,8.727999558382674,0.10390475664741279,0.9884936812360321,1.0000000000000002,0.010473599470059209,2024-03-16 20:00:00+00:00
2024-03-03 04:00:00+00:00,84.0,0.0029331829681298327,0.07935143272092371,0.21465825291955296,0.4630412084486922,0.47593151629636915,-0.049747244146292724,1.5950920313811425,0.5,4.538612640883781e-05,0.8078125784674981,8.727999558382674,0.10390475664741279,0.9890861076186852,1.0000000000000002,0.010473599470059209,2024-03-17 00:00:00+00:00
2024-03-03 08:00:00+00:00,84.0,0.013798960034348218,0.4294632925353248,0.2136065052387291,1.779613427871884,1.8394546672315009,-0.049747244146292946,8.632906202248943,0.5119047619047619,0.00017357854109754714,3.8595377559288484,8.754086101543177,0.10421531073265686,0.989086107618685,1.0000000000000002,0.010504903321851812,2024-03-17 04:00:00+00:00
2024-03-03 12:00:00+00:00,84.0,0.013904193213733596,0.4333367955772067,0.21365777438290504,1.791905209226487,1.8526043211497878,-0.040510911019553064,10.696792164660323,0.5119047619047619,0.00017481939676185617,4.487650940625958,8.754086101543177,0.10421531073265686,0.989086107618685,1.0000000000000002,0.010504903321851812,2024-03-17 08:00:00+00:00
2024-03-03 16:00:00+00:00,84.0,0.02590763028499543,0.9480863594992694,0.20784366105160712,3.3127708520472265,3.499968100064185,-0.04025499918313169,23.55201537046738,0.5238095238095238,0.0003144011059883778,9.459423106780056,8.754086101543177,0.10421531073265686,0.9890861076186852,1.0000000000000002,0.010504903321851812,2024-03-17 12:00:00+00:00
2024-03-03 20:00:00+00:00,84.0,0.024038080850234733,0.8576147356078503,0.208356679001938,3.0768233479384905,3.2425033083649883,-0.04025499918313158,21.304552304331544,0.5238095238095238,0.00029272908431602203,8.611414019027006,8.754086101543177,0.10421531073265686,0.9890861076186852,1.0000000000000002,0.010504903321851812,2024-03-17 16:00:00+00:00
2024-03-04 00:00:00+00:00,84.0,0.021111626670729633,0.7240578687239143,0.20930652927592452,2.7072374748947468,2.839027141010021,-0.04025499918313169,17.986781354285082,0.5238095238095238,0.00025874085835430927,7.343816505157957,8.754086101543177,0.10421531073265686,0.9890861076186852,1.0000000000000002,0.010504903321851812,2024-03-17 20:00:00+00:00
2024-03-04 04:00:00+00:00,84.0,0.027089046275259987,1.007426655631226,0.20894602392602807,3.4400472413622287,3.580022045298322,-0.04025499918313158,25.02612535273326,0.5357142857142857,0.0003282119603654516,9.971860596347975,8.754086101543177,0.10421531073265686,0.9890861076186852,1.0000000000000002,0.010504903321851812,2024-03-18 00:00:00+00:00
2024-03-04 08:00:00+00:00,84.0,0.028821784655256533,1.0976130717133414,0.20847159046511834,3.658274352077281,3.8156858128156186,-0.04025499918313147,27.26650339054751,0.5357142857142857,0.00034824030709374473,10.803707647913685,7.699550955805666,0.09166132090244841,0.9895059779944756,1.0000000000000002,0.0092394611469668,2024-03-18 04:00:00+00:00
2024-03-04 12:00:00+00:00,84.0,0.0191296456116834,0.6389025371228101,0.2091857947967473,2.466477415201846,2.5687806218298763,-0.04025499918313169,15.871383681223213,0.5238095238095238,0.00023559453810375572,6.528870577659468,7.699550955805666,0.09166132090244841,0.989925848370266,1.0000000000000002,0.0092394611469668,2024-03-18 08:00:00+00:00
2024-03-04 16:00:00+00:00,84.0,0.016184373500366833,0.5197892001439406,0.20885151655657477,2.108726047583012,2.219779910295763,-0.04025499918313136,12.91241363039837,0.5119047619047619,0.00020110074568039448,5.39425386751272,7.699550955805666,0.09166132090244841,0.9903457187460564,1.0000000000000002,0.0092394611469668,2024-03-18 12:00:00+00:00
2024-03-04 20:00:00+00:00,84.0,0.013053644565323541,0.4023158520380188,0.21106954361864952,1.7075781279346283,1.7753925767212226,-0.04025499918313169,9.994183584696327,0.5119047619047619,0.00016457430874719173,4.220685544477775,7.699550955805666,0.09166132090244841,0.990765589121847,1.0000000000000002,0.0092394611469668,2024-03-18 16:00:00+00:00
2024-03-05 00:00:00+00:00,84.0,0.011303587741703147,0.3405065150756563,0.21197363114386156,1.4885120396610518,1.5402075806584574,-0.04025499918313158,8.458738591114962,0.5119047619047619,0.00014407548038735562,3.600258221496187,7.699550955805666,0.09166132090244841,0.9911854594976374,1.0000000000000002,0.0092394611469668,2024-03-18 20:00:00+00:00
2024-03-05 04:00:00+00:00,84.0,0.004264359987169231,0.11732962737765451,0.21561670490929669,0.6223243884976295,0.6319691224659757,-0.04025499918313147,2.91465978781638,0.5119047619047619,6.127102010618807e-05,1.313882901880593,7.699550955805666,0.09166132090244841,0.9916053298734278,1.0000000000000002,0.0092394611469668,2024-03-19 00:00:00+00:00
2024-03-05 08:00:00+00:00,84.0,0.006847904522100823,0.19473706985530903,0.2162325001091065,0.9309695763418552,0.9480976978839389,-0.04025499918313147,4.8375872266049385,0.5119047619047619,9.192049270224429e-05,2.1098061200376135,7.5038305793927345,0.08933131642134208,0.9911268628871797,1.0000000000000002,0.009004596695271283,2024-03-19 04:00:00+00:00
2024-03-05 12:00:00+00:00,84.0,0.018029953210920935,0.59341459064519,0.2221404471382475,2.2084700572236677,2.283330126897735,-0.04025499918313191,14.741388714121475,0.5238095238095238,0.00022401393881419933,5.998289682162636,7.5038305793927345,0.08933131642134208,0.9906483959009317,1.0000000000000002,0.009004596695271283,2024-03-19 08:00:00+00:00
2024-03-05 16:00:00+00:00,84.0,0.012683442698752101,0.38901655670857593,0.22031928253315744,1.6016732049149605,1.6423887765421068,-0.0402549991831318,9.663807343252586,0.5238095238095238,0.0001611321878353639,4.036599675067107,7.5038305793927345,0.08933131642134208,0.9901699289146838,1.0000000000000002,0.009004596695271283,2024-03-19 12:00:00+00:00
2024-03-05 20:00:00+00:00,84.0,0.018610801046748504,0.6172874692290851,0.22141441432658435,2.2821670457439396,2.3240227736608414,-0.04025499918313169,15.33443005229897,0.5357142857142857,0.00023073273051544548,6.214588238877209,7.5038305793927345,0.08933131642134208,0.9896914619284357,1.0000000000000002,0.009004596695271283,2024-03-19 16:00:00+00:00
2024-03-06 00:00:00+00:00,84.0,0.02302828183228467,0.8104431876699327,0.2211972838498642,2.794368429621567,2.8152583973772685,-0.04025499918313158,20.132733924126875,0.5476190476190477,0.0002822405053461648,8.00423406507544,7.5038305793927345,0.08933131642134208,0.9892129949421874,1.0000000000000002,0.009004596695271282,2024-03-19 20:00:00+00:00
2024-03-06 04:00:00+00:00,84.0,0.027568845054522395,1.0320190528273145,0.2225400332640093,3.297822149930675,3.342644464397623,-0.04025499918313202,25.637040709710398,0.5476190476190477,0.0003351129912987941,10.017516643651371,7.5038305793927345,0.08933131642134208,0.9887345279559395,1.0000000000000002,0.009004596695271282,2024-03-20 00:00:00+00:00
2024-03-06 08:00:00+00:00,84.0,0.0353177617823226,1.4716784697127503,0.22209650944838374,4.186197557849761,4.216657032885748,-0.04025499918313169,36.5588995050691,0.5595238095238095,0.0004245387513514979,13.910191932029958,7.3051475488818545,0.0869660422485935,0.9886777983629593,1.0000000000000002,0.008766177058658224,2024-03-20 04:00:00+00:00
2024-03-06 12:00:00+00:00,84.0,0.02716278042185949,1.011187245404293,0.219091679603668,3.299214398129316,3.321961088111686,-0.04025499918313169,25.119544551575032,0.5476190476190477,0.00033005955427340474,9.854412120155978,7.3051475488818545,0.0869660422485935,0.9886210687699791,1.0000000000000002,0.008766177058658224,2024-03-20 08:00:00+00:00
2024-03-06 16:00:00+00:00,84.0,0.03507478606284686,1.456599597509137,0.2222776145391496,4.155424813032156,4.2449176882133886,-0.04025499918313158,36.18431566431404,0.5476190476190477,0.0004217616049486664,13.799889218489215,7.3051475488818545,0.0869660422485935,0.988564339176999,1.0000000000000002,0.008766177058658224,2024-03-20 12:00:00+00:00
2024-03-06 20:00:00+00:00,84.0,0.04029041824438018,1.8005600291232877,0.22198725482900605,4.751144918440221,4.802019454784017,-0.04025499918313147,44.72885518968779,0.5595238095238095,0.00048159525924170154,16.76480781435201,7.3051475488818545,0.0869660422485935,0.9885076095840191,1.0000000000000002,0.008766177058658224,2024-03-20 16:00:00+00:00
2024-03-07 00:00:00+00:00,84.0,0.03543975289087209,1.4792826593001496,0.22453301879977006,4.156890511664335,4.150503505346875,-0.0402549991831318,36.747800007906065,0.5595238095238095,0.0004261914042941159,13.93160855800987,7.305147548881854,0.0869660422485935,0.9884508799910391,1.0000000000000002,0.008766177058658226,2024-03-20 20:00:00+00:00
2024-03-07 04:00:00+00:00,84.0,0.03295555473918266,1.3287794060228229,0.22464004441540342,3.8761230261218107,3.920832103832636,-0.04025499918313158,33.00905311108871,0.5476190476190477,0.0003975947254555121,12.63388568269621,7.305147548881854,0.0869660422485935,0.988394150398059,1.0,0.008766177058658226,2024-03-21 00:00:00+00:00
2024-03-07 08:00:00+00:00,84.0,0.032344895707317134,1.2931510982513004,0.22434325680212683,3.8122058937107592,3.8510830552572153,-0.04025499918313169,32.123987690780474,0.5476190476190477,0.000390521774335769,12.321291297450255,6.898072176305676,0.08211990686078185,0.988624882052747,1.0,0.008277686611566812,2024-03-21 04:00:00+00:00
2024-03-07 12:00:00+00:00,84.0,0.042111761596624664,1.9312396584493698,0.22401380598131773,4.9138720882161575,4.95165025519388,-0.04025499918313169,47.97515085427277,0.5595238095238095,0.0005026370724140031,17.84736698482423,6.898072176305676,0.08211990686078185,0.988855613707435,1.0,0.008277686611566812,2024-03-21 08:00:00+00:00
2024-03-07 16:00:00+00:00,84.0,0.03754861116864383,1.6143471131137281,0.2232353738763558,4.417472391155313,4.495400002575305,-0.0402549991831318,40.103021882315524,0.5476190476190477,0.000450290456999103,15.154308283071373,6.898072176305676,0.08211990686078185,0.989086345362123,1.0,0.008277686611566812,2024-03-21 12:00:00+00:00
2024-03-07 20:00:00+00:00,84.0,0.027339169216930692,1.0202109368350554,0.22825587177188808,3.195373185708766,3.217643662676558,-0.036217762775395235,28.168800573406543,0.5357142857142857,0.00033304232517829664,10.696309592805216,6.898072176305676,0.08211990686078185,0.989317077016811,1.0,0.008277686611566812,2024-03-21 16:00:00+00:00
2024-03-08 00:00:00+00:00,84.0,0.03366157176917017,1.3706348783308813,0.22720748875408195,3.9133311736951413,3.9095592750618926,-0.029861475086303768,45.899771339813526,0.5476190476190477,0.00040599915462937765,16.507754464077358,6.898072176305676,0.08211990686078185,0.9895478086714988,1.0,0.008277686611566812,2024-03-21 20:00:00+00:00
2024-03-08 04:00:00+00:00,84.0,0.037034107481391354,1.5807570529897497,0.22520638922714514,4.32334213888571,4.359480122929198,-0.029836018772646633,52.98150081736013,0.5476190476190477,0.0004445864257954399,18.93524493604543,6.898072176305676,0.08211990686078185,0.989778540326187,1.0,0.008277686611566812,2024-03-22 00:00:00+00:00
2024-03-08 08:00:00+00:00,84.0,0.03547788263658491,1.481664048829185,0.22609531350231502,4.133987909908121,4.151354363789041,-0.029836018772646744,49.660246567063915,0.5476190476190477,0.0004267923710070578,17.798812088607228,6.381730992725496,0.07597298800863686,0.9902229781492027,1.0,0.007658077191270595,2024-03-22 04:00:00+00:00
2024-03-08 12:00:00+00:00,84.0,0.04163394172057644,1.896400162861143,0.22439660349850699,4.852578600363013,4.840933962083041,-0.02983601877264641,63.560764501186,0.5595238095238095,0.0004972155964068488,22.46037651529792,6.381730992725496,0.07597298800863686,0.9906674159722181,1.0,0.007658077191270595,2024-03-22 08:00:00+00:00
2024-03-08 16:00:00+00:00,84.0,0.03886707465316941,1.702354949748675,0.2229546950208182,4.57134528672448,4.531071848083742,-0.02983601877264641,57.05704111264971,0.5595238095238095,0.0004653894494230644,20.300944659045754,6.381730992725496,0.07597298800863686,0.9911118537952336,1.0,0.007658077191270595,2024-03-22 12:00:00+00:00
2024-03-08 20:00:00+00:00,84.0,0.04399770237362577,2.0727257248624595,0.22499385833598223,5.103083761010967,5.10438778377761,-0.029836018772646522,69.47058656373825,0.5595238095238095,0.0005242751163477411,24.413856210935812,6.381730992725496,0.07597298800863686,0.9915562916182493,1.0,0.007658077191270595,2024-03-22 16:00:00+00:00
2024-03-09 00:00:00+00:00,84.0,0.04170107705886794,1.9012710759339915,0.22616703315290362,4.823792473081683,4.799748916693535,-0.029836018772646522,63.72402063498717,0.5595238095238095,0.0004981656767955215,22.48424349909807,6.381730992725496,0.07597298800863686,0.9920007294412649,1.0,0.007658077191270595,2024-03-22 20:00:00+00:00
2024-03-09 04:00:00+00:00,84.0,0.04805446925863954,2.3996656030936294,0.22535944878115083,5.544088584182687,5.463936894105559,-0.029836018772646522,80.42847879200384,0.5714285714285714,0.0005705081038014982,27.97734497049818,6.381730992725496,0.07597298800863686,0.9924451672642804,1.0,0.007658077191270595,2024-03-23 00:00:00+00:00
2024-03-09 08:00:00+00:00,84.0,0.03995799350629747,1.7773214410796,0.2260282528621945,4.6333526223985935,4.598365047390907,-0.02983601877264619,59.56965822494579,0.5595238095238095,0.0004782048393311512,21.100249273159676,5.738455749495836,0.06831494939875996,0.9922084829357528,1.0,0.006886146899395004,2024-03-23 04:00:00+00:00
2024-03-09 12:00:00+00:00,84.0,0.035042510165772756,1.4546032504471111,0.2290623494297103,4.035518695823661,3.9504815522864107,-0.02983601877264641,48.753262341445094,0.5595238095238095,0.00042209378704698077,17.41682693209519,5.738455749495836,0.06831494939875996,0.9919717986072252,1.0,0.006886146899395004,2024-03-23 08:00:00+00:00
2024-03-09 16:00:00+00:00,84.0,0.034525210557710295,1.4228190306491943,0.22949649692237062,3.971506429485657,3.880074235874333,-0.029836018772646633,47.68796539146908,0.5595238095238095,0.0004161857593934384,17.049871240636154,5.738455749495836,0.06831494939875996,0.9917351142786975,1.0,0.006886146899395003,2024-03-23 12:00:00+00:00
2024-03-09 20:00:00+00:00,84.0,0.02777478687485435,1.042663367707199,0.23006720420920213,3.2200895714554014,3.17335510902618,-0.030079633204158185,34.66343358080118,0.5476190476190477,0.0003382817374465534,12.634398989287448,5.738455749495836,0.06831494939875996,0.9914984299501699,1.0,0.006886146899395003,2024-03-23 16:00:00+00:00
2024-03-10 00:00:00+00:00,84.0,0.020553492762104275,0.6996567943879071,0.22927528900790337,2.4284059485260823,2.409684780728355,-0.03225767617794484,21.689621736183067,0.5357142857142857,0.00025423446377937405,8.199282217704086,5.738455749495836,0.06831494939875996,0.9912617456216422,1.0,0.006886146899395004,2024-03-23 20:00:00+00:00
2024-03-10 04:00:00+00:00,84.0,0.031108080236119884,1.2225894294485502,0.22487922887862258,3.6646363166488283,3.664180212555902,-0.03225767617794484,37.900728580208664,0.5476190476190477,0.00037630163881670516,13.935281554079609,5.738455749495836,0.06831494939875996,0.9910250612931145,1.0,0.006886146899395004,2024-03-24 00:00:00+00:00
2024-03-10 08:00:00+00:00,84.0,0.03408224855354902,1.395917197995483,0.22228008757569745,4.042817459192836,4.095574477531925,-0.03639554001226253,38.354072986007765,0.5476190476190477,0.0004103369035990603,14.35729692457295,6.885857213011592,0.08197449063109039,0.9910250612931145,1.0,0.00826302865561391,2024-03-24 04:00:00+00:00
2024-03-10 12:00:00+00:00,84.0,0.029649904856491327,1.1420794510903343,0.2207888341131115,3.5612153432247116,3.5834840696002703,-0.03639554001226253,31.379653955004937,0.5476190476190477,0.0003590304034960312,11.915654417309002,6.885857213011592,0.08197449063109039,0.9910250612931145,1.0,0.00826302865561391,2024-03-24 08:00:00+00:00
2024-03-10 16:00:00+00:00,84.0,0.03219085810706335,1.2842470540448123,0.22021933599618615,3.861759793355175,3.8940934905924185,-0.03639554001226242,35.285835946166,0.5476190476190477,0.0003883261084335368,13.30191611809332,6.885857213011592,0.08197449063109039,0.9910250612931147,1.0,0.00826302865561391,2024-03-24 12:00:00+00:00
2024-03-10 20:00:00+00:00,84.0,0.0487928340391619,2.4626638373195116,0.21683386777348646,5.838051601537342,6.041571934669347,-0.036395540012262195,67.6638905890613,0.5595238095238095,0.000578030734713488,24.467211431047332,6.885857213011592,0.08197449063109039,0.9910250612931147,1.0,0.00826302865561391,2024-03-24 16:00:00+00:00
2024-03-11 00:00:00+00:00,84.0,0.05364674917446832,2.905637160886369,0.2181293081165546,6.356888335950797,6.617798041924556,-0.03639554001226253,79.8349786789093,0.5595238095238095,0.0006331614860708416,28.504679321227847,6.885857213011591,0.08197449063109037,0.9910250612931145,1.0,0.00826302865561391,2024-03-24 20:00:00+00:00
2024-03-11 04:00:00+00:00,84.0,0.057492192791873675,3.2947758022288145,0.22033794614031782,6.726692583959268,7.073686075377736,-0.03639554001226275,90.52691074562173,0.5595238095238095,0.0006767788256926451,32.00555542902539,6.885857213011591,0.08197449063109037,0.9910250612931145,1.0,0.00826302865561391,2024-03-25 00:00:00+00:00
2024-03-11 08:00:00+00:00,84.0,0.05755657487410826,3.3015980056191534,0.2203384750744396,6.733885434746513,7.08126696517774,-0.03639554001226308,90.71435688292345,0.5595238095238095,0.0006775041315150805,32.06697948137209,5.84993200067849,0.06964204762712488,0.991279488488804,1.0,0.007019918400814189,2024-03-25 04:00:00+00:00
2024-03-11 12:00:00+00:00,84.0,0.05038726947757155,2.6025552381213637,0.22073293951899978,5.918308095756517,6.27379975762004,-0.03639554001226242,71.50753189111931,0.5476190476190477,0.0005965139465549908,25.737271899110766,5.84993200067849,0.06964204762712488,0.9915339156844934,1.0,0.007019918400814189,2024-03-25 08:00:00+00:00
2024-03-11 16:00:00+00:00,84.0,0.029861121450567962,1.1535651135314517,0.22746257022860036,3.486853739815734,3.520867859324057,-0.03639554001226286,31.69523279893024,0.5357142857142857,0.0003621592299861617,11.962973105353413,5.849932000678489,0.06964204762712486,0.9917883428801828,1.0,0.007019918400814189,2024-03-25 12:00:00+00:00
2024-03-11 20:00:00+00:00,84.0,0.02784126189317937,1.0461106297553626,0.22791675752552343,3.2557081882193,3.2821416640179524,-0.03639554001226242,28.742824791249316,0.5357142857142857,0.0003388266911909769,10.912416559447765,5.849932000678489,0.06964204762712486,0.9920427700758723,1.0,0.007019918400814189,2024-03-25 16:00:00+00:00
2024-03-12 00:00:00+00:00,84.0,0.026106431602123337,0.957952319968477,0.22810762830426853,3.0600379048892217,3.1229198835534437,-0.03639554001226242,26.320596414992682,0.5238095238095238,0.00031872967534495126,10.06335824938595,5.84993200067849,0.06964204762712488,0.9922971972715615,1.0,0.007019918400814189,2024-03-25 20:00:00+00:00
2024-03-12 04:00:00+00:00,84.0,0.021610098753296114,0.7461350809999854,0.23020822461559867,2.536718907800057,2.564835005377752,-0.04112660468122786,18.142394364506266,0.5238095238095238,0.00026665459183263543,7.229667983842997,5.84993200067849,0.06964204762712488,0.992551624467251,1.0,0.007019918400814189,2024-03-26 00:00:00+00:00
2024-03-12 08:00:00+00:00,84.0,0.017315274023647742,0.5645059965698407,0.22838651960642567,2.0740998970698556,2.080493614180119,-0.04112660468122764,13.726053997049533,0.5238095238095238,0.00021629975196704572,5.572243613907864,6.113839858665994,0.07278380784126183,0.9925516244672511,1.0,0.007336607830399194,2024-03-26 04:00:00+00:00
2024-03-12 12:00:00+00:00,84.0,0.0158331351827814,0.5061528875686536,0.2280008233751904,1.910472513490884,1.9131254978712229,-0.04112660468122753,12.307188776993545,0.5238095238095238,0.0001988992265349731,5.030548586293818,6.113839858665994,0.07278380784126183,0.9925516244672511,1.0,0.007336607830399194,2024-03-26 08:00:00+00:00
2024-03-12 16:00:00+00:00,84.0,0.010769980620572994,0.32218742488540086,0.22653733457273673,1.3462006555541604,1.3394170867636832,-0.041126604681227974,7.83403899696251,0.5238095238095238,0.0001392532914654385,3.2898387304604744,6.113839858665994,0.07278380784126183,0.992551624467251,1.0,0.007336607830399194,2024-03-26 12:00:00+00:00
2024-03-12 20:00:00+00:00,84.0,0.008068918735262054,0.23309103602651216,0.2261061460189458,1.0397561596686935,1.03254769186663,-0.041126604681228085,5.6676459881188475,0.5238095238095238,0.00010734943290509036,2.425239721082914,6.113839858665994,0.07278380784126183,0.992551624467251,1.0,0.007336607830399194,2024-03-26 16:00:00+00:00
2024-03-13 00:00:00+00:00,84.0,0.009421529845199839,0.2769607509171055,0.22634068490332052,1.1933826383142336,1.1863384103409746,-0.041126604681227974,6.734345153552702,0.5238095238095238,0.0001233383761222718,2.8528537016964703,6.113839858665994,0.07278380784126183,0.9925516244672511,1.0,0.007336607830399194,2024-03-26 20:00:00+00:00
2024-03-13 04:00:00+00:00,84.0,0.007568568735052628,0.2172332041883389,0.22480896127920855,0.9868833904050843,0.9744189235853463,-0.04112660468122753,5.282060259340986,0.5238095238095238,0.00010130604105053454,2.2704506643579596,6.113839858665994,0.07278380784126183,0.9925516244672511,1.0,0.007336607830399194,2024-03-27 00:00:00+00:00
2024-03-13 08:00:00+00:00,84.0,0.005953648083790286,0.1673776092890633,0.22529405429701044,0.799600789077835,0.7878504536415102,-0.04112660468122831,4.069813459837121,0.5238095238095238,8.225812949334894e-05,1.7759644561310908,6.52932475486238,0.07773005660550451,0.9921424976397025,1.0,0.007835189705834855,2024-03-27 04:00:00+00:00
2024-03-13 12:00:00+00:00,84.0,-0.0032042767760647184,-0.0802691466528681,0.22198726785176032,-0.2659203668206099,-0.2610798931226133,-0.041126604681228085,-1.9517571964676754,0.5119047619047619,-2.6954765158285425e-05,-0.7697352262355309,6.52932475486238,0.07773005660550451,0.9917333708121541,1.0,0.007835189705834855,2024-03-27 08:00:00+00:00
2024-03-13 16:00:00+00:00,84.0,0.0035300184915214583,0.09622292634000607,0.21863995315720047,0.5295229449217673,0.527832874203983,-0.041126604681228196,2.3396759126076363,0.5119047619047619,5.2865238298337e-05,1.0718928069404141,6.529324754862379,0.07773005660550451,0.9913242439846057,1.0,0.007835189705834855,2024-03-27 12:00:00+00:00
2024-03-13 20:00:00+00:00,84.0,0.0013274911607619178,0.035191712800949126,0.21886778626635447,0.2674608653720067,0.26956406750613193,-0.04112660468122753,0.8556921504636774,0.5,2.6729939505413043e-05,0.444771531753158,6.529324754862379,0.07773005660550451,0.9909151171570573,1.0,0.007835189705834855,2024-03-27 16:00:00+00:00
2024-03-14 00:00:00+00:00,84.0,0.0010377275608393077,0.027409937833244635,0.218656540552315,0.23299929414308054,0.2346048511727373,-0.04112660468122775,0.6664770419464242,0.5,2.326338794906724e-05,0.36368484129594636,6.52932475486238,0.07773005660550451,0.9905059903295088,1.0,0.007835189705834855,2024-03-27 20:00:00+00:00
2024-03-14 04:00:00+00:00,84.0,-0.002402781221983119,-0.06079294630586318,0.22014620151038974,-0.17481858295595437,-0.1748177024290805,-0.041126604681228196,-1.4781902560901528,0.5,-1.7573354790494207e-05,-0.5658297326854643,6.52932475486238,0.07773005660550451,0.9900968635019604,1.0,0.007835189705834855,2024-03-28 00:00:00+00:00
2024-03-14 08:00:00+00:00,84.0,-0.006030759895075066,-0.14589961941772234,0.22002840916129127,-0.6067169331823717,-0.6127345317318205,-0.04112660468122731,-3.547572685578876,0.4880952380952381,-6.0956603479148256e-05,-1.4913806983211026,7.271346895730769,0.0865636535206044,0.9900968635019604,1.0,0.008725616274876922,2024-03-28 04:00:00+00:00
2024-03-14 12:00:00+00:00,84.0,-0.016258772213637696,-0.3477798965476938,0.2171784877071196,-1.8590596732065514,-1.8656165397688769,-0.041126604681228085,-8.456324056978017,0.47619047619047616,-0.00018435971159100033,-3.8408617349629215,7.271346895730769,0.0865636535206044,0.9900968635019604,1.0,0.008725616274876922,2024-03-28 08:00:00+00:00
2024-03-14 16:00:00+00:00,84.0,-0.017623423240069935,-0.37096270014379407,0.2177515662793059,-2.019766152296317,-2.0214263280436713,-0.04423328915840585,-8.386504987574462,0.47619047619047616,-0.00020082522519655256,-3.9304518731787024,7.271346895730769,0.0865636535206044,0.9900968635019606,1.0,0.008725616274876922,2024-03-28 12:00:00+00:00
2024-03-14 20:00:00+00:00,84.0,-0.01446333104183184,-0.31602451217258787,0.2173611282896493,-1.638637291767125,-1.6250518803974556,-0.04423328915840574,-7.144494976189965,0.4880952380952381,-0.00016263746602556965,-3.284960432546109,7.271346895730769,0.0865636535206044,0.9900968635019606,1.0,0.008725616274876922,2024-03-28 16:00:00+00:00
2024-03-15 00:00:00+00:00,84.0,-0.011960964286445663,-0.2692759462278208,0.21689859766039585,-1.3378261822728197,-1.3298827460906888,-0.044233289158406186,-6.087631088511243,0.4880952380952381,-0.00013249891454261903,-2.759590279671494,7.271346895730769,0.0865636535206044,0.9900968635019604,1.0,0.008725616274876924,2024-03-28 20:00:00+00:00
2024-03-15 04:00:00+00:00,84.0,-0.00879325456274771,-0.20567818787533632,0.21637665664290928,-0.9559377548542919,-0.9416417067032715,-0.04423328915840574,-4.649850639385493,0.5,-9.444868281009163e-05,-2.058393200953244,7.271346895730769,0.0865636535206044,0.9900968635019604,1.0,0.008725616274876924,2024-03-29 00:00:00+00:00
2024-03-15 08:00:00+00:00,84.0,-0.006534748566430881,-0.15711886293355237,0.2151138664255669,-0.68700316477763,-0.6806462185394009,-0.04751266347856031,-3.3068839216822887,0.5,-6.748123608306704e-05,-1.470424613353736,7.559298771522033,0.08999165204192897,0.9897116950146663,1.0,0.00907115852582644,2024-03-29 04:00:00+00:00
2024-03-15 12:00:00+00:00,84.0,-0.00203354895582164,-0.051687800342231416,0.2179987818246307,-0.13444824694521695,-0.1349905922433188,-0.04751266347855965,-1.087874190962917,0.5,-1.3383358014846766e-05,-0.42069296826976765,7.559298771522033,0.08999165204192897,0.9893265265273719,1.0,0.00907115852582644,2024-03-29 08:00:00+00:00
2024-03-15 16:00:00+00:00,84.0,-0.00013706490123688297,-0.003567344557007024,0.21721683528256971,0.0921538273312752,0.09286692846123103,-0.04751266347856076,-0.07508197385349118,0.5,9.140348279486747e-06,0.042268327427827615,7.559298771522033,0.08999165204192897,0.9889413580400775,1.0,0.00907115852582644,2024-03-29 12:00:00+00:00
2024-03-15 20:00:00+00:00,84.0,-0.0053990542064926705,-0.13163436771439918,0.21946192952413707,-0.5333772593802534,-0.5318846425044551,-0.04872964049801287,-2.7013203128343837,0.5,-5.345022945565595e-05,-1.1831631286661732,7.559298771522033,0.08999165204192897,0.9885561895527831,1.0,0.00907115852582644,2024-03-29 16:00:00+00:00
2024-03-16 00:00:00+00:00,84.0,-0.002737538451792032,-0.06897524095769014,0.2200459404005675,-0.21476215401378987,-0.21473106295933297,-0.04872964049801232,-1.4154678805911496,0.5,-2.1578785453157948e-05,-0.5749614355652151,7.559298771522033,0.08999165204192897,0.9881710210654888,1.0,0.00907115852582644,2024-03-29 20:00:00+00:00
2024-03-16 04:00:00+00:00,84.0,-0.0223723187063829,-0.44561834981271153,0.21707217665617864,-2.608577455689569,-2.50032700304134,-0.05417946224679937,-8.224857378296262,0.4880952380952381,-0.0002585614549236398,-4.250161251412285,7.559298771522033,0.08999165204192897,0.9877858525781946,1.0,0.00907115852582644,2024-03-30 00:00:00+00:00
2024-03-16 08:00:00+00:00,84.0,-0.02281587919036543,-0.4521389100802139,0.21702656025334963,-2.663673833789866,-2.552600471593365,-0.05417946224679915,-8.345208522384802,0.4880952380952381,-0.00026396710949053295,-4.323704895489746,7.1677090753684185,0.08532986994486212,0.9872793486042442,1.0,0.008601250890442103,2024-03-30 04:00:00+00:00
2024-03-16 12:00:00+00:00,84.0,-0.02317773972055792,-0.4574037524854949,0.2171549497810615,-2.706425639089922,-2.5921009000520354,-0.05701642305710608,-8.022315816398581,0.4880952380952381,-0.00026836243093276226,-4.2554627966673655,7.1677090753684185,0.08532986994486212,0.9867728446302935,1.0,0.008601250890442103,2024-03-30 08:00:00+00:00
2024-03-16 16:00:00+00:00,84.0,-0.02688904705574391,-0.5086671112114024,0.21493090786986416,-3.1982679744747804,-3.0317947269504812,-0.05701642305710597,-8.921413935453938,0.4880952380952381,-0.0003138843102123178,-4.848622463758808,7.1677090753684185,0.08532986994486212,0.9862663406563428,1.0,0.008601250890442103,2024-03-30 12:00:00+00:00
2024-03-16 20:00:00+00:00,84.0,-0.030354732505773918,-0.5523086396361162,0.21341657276702783,-3.658181178807284,-3.4433361583899913,-0.05701642305710608,-9.686834249194115,0.4880952380952381,-0.00035649154782734985,-5.380839091756416,7.1677090753684185,0.08532986994486212,0.9857598366823923,1.0,0.008601250890442103,2024-03-30 16:00:00+00:00
2024-03-17 00:00:00+00:00,84.0,-0.025707691711212566,-0.4928771099241439,0.21270626787746555,-3.085287081956648,-2.882718752071593,-0.057016423057106747,-8.644476161376977,0.5,-0.0002996620550381528,-4.672016473828725,7.1677090753684185,0.08532986994486212,0.9852533327084416,1.0,0.008601250890442103,2024-03-30 20:00:00+00:00
2024-03-17 04:00:00+00:00,84.0,-0.03361272940265725,-0.5899181102082143,0.20988469392361467,-4.141207039363112,-3.8580063962557785,-0.057016423057105414,-10.346459468658274,0.4880952380952381,-0.0003968840054479659,-5.889502510908727,7.1677090753684185,0.08532986994486212,0.9847468287344908,1.0,0.008601250890442103,2024-03-31 00:00:00+00:00
2024-03-17 08:00:00+00:00,84.0,-0.03821213994811523,-0.6378796398349622,0.20825931877142115,-4.772137475091492,-4.462343031891605,-0.05701642305710575,-11.187647446702913,0.47619047619047616,-0.0004538091779206045,-6.572872689294964,7.254575600857087,0.08636399524829866,0.9847468287344908,1.0,0.008705490721028504,2024-03-31 04:00:00+00:00
2024-03-17 12:00:00+00:00,84.0,-0.04421730988128603,-0.6924361660956341,0.20698948127195682,-5.591195752588857,-5.2444125825279375,-0.05701642305710597,-12.144503793268658,0.4642857142857143,-0.0005284560312869113,-7.41847489676843,7.254575600857087,0.08636399524829866,0.9847468287344908,1.0,0.008705490721028504,2024-03-31 08:00:00+00:00
2024-03-17 16:00:00+00:00,84.0,-0.04783479422767889,-0.7213882414303466,0.20662934791673288,-6.079494413805296,-5.7471694488014995,-0.05760893644762699,-12.522158642629512,0.4523809523809524,-0.0005736082038301409,-7.879363696451042,7.254575600857087,0.08636399524829866,0.9847468287344908,1.0,0.008705490721028506,2024-03-31 12:00:00+00:00
2024-03-17 20:00:00+00:00,84.0,-0.046078783004298574,-0.7076777810740982,0.206310316923657,-5.85650590786444,-5.547544179264324,-0.05856741442062885,-12.083131688067779,0.4523809523809524,-0.0005517157944825489,-7.600908950485396,7.254575600857087,0.08636399524829866,0.9847468287344908,1.0,0.008705490721028506,2024-03-31 16:00:00+00:00
2024-03-18 00:00:00+00:00,84.0,-0.03882343280768985,-0.6438325790911258,0.20676782202193003,-4.888187571618544,-4.623782868775336,-0.05856741442062918,-10.993016943980864,0.4642857142857143,-0.00046151593507681883,-6.613874502189956,7.254575600857087,0.08636399524829866,0.9847468287344908,1.0,0.008705490721028506,2024-03-31 20:00:00+00:00
2024-03-18 04:00:00+00:00,84.0,-0.039842953563541395,-0.6535521709178558,0.20641189160550413,-5.030955221170338,-4.750636285764281,-0.05856741442062885,-11.158972568330745,0.4642857142857143,-0.00047417761816637296,-6.7572328511560364,7.254575600857087,0.08636399524829866,0.9847468287344908,1.0,0.008705490721028506,2024-04-01 00:00:00+00:00
2024-03-18 08:00:00+00:00,84.0,-0.03894833480047233,-0.6450372763397706,0.2063949538491312,-4.91379903062636,-4.642324323034748,-0.05856741442062907,-11.013586355496864,0.4642857142857143,-0.00046309740828768636,-6.635145345050866,7.425146304013939,0.0883945988573088,0.9847468287344908,1.0,0.00891017556481673,2024-04-01 04:00:00+00:00
2024-03-18 12:00:00+00:00,84.0,-0.036338895805870686,-0.619035664281946,0.20528426764361238,-4.597290705171832,-4.364559094113199,-0.058567414420629516,-10.56962596702749,0.4642857142857143,-0.00043093673769679713,-6.295898639305076,7.425146304013939,0.0883945988573088,0.9847468287344908,1.0,0.00891017556481673,2024-04-01 08:00:00+00:00
2024-03-18 16:00:00+00:00,84.0,-0.034314915849775085,-0.597616252060656,0.20559410801444164,-4.324103937352254,-4.065656699146618,-0.05856741442062885,-10.20390362068231,0.47619047619047616,-0.00040594077258523817,-5.984664947069016,7.425146304013939,0.0883945988573088,0.9847468287344908,1.0,0.00891017556481673,2024-04-01 12:00:00+00:00
2024-03-18 20:00:00+00:00,84.0,-0.023632071867142335,-0.46394513343146904,0.20371798201006786,-2.9583308309460996,-2.8006667375764422,-0.05856741442062974,-7.9215573714664345,0.4880952380952381,-0.00027518958310434086,-4.3842331557543375,7.425146304013939,0.0883945988573088,0.9847468287344908,1.0,0.00891017556481673,2024-04-01 16:00:00+00:00
2024-03-19 00:00:00+00:00,84.0,-0.016345754056089845,-0.34928174268586043,0.20274380570636838,-2.01766381646442,-1.904778982635857,-0.05856741442062918,-5.963755548048114,0.5,-0.00018678942501645294,-3.156337402408103,7.425146304013939,0.0883945988573088,0.9847468287344908,1.0,0.008910175564816727,2024-04-01 20:00:00+00:00
2024-03-19 04:00:00+00:00,84.0,-0.001537123669970275,-0.03931224704338121,0.20254645867367096,-0.09667678487179678,-0.09324122407708142,-0.058567414420629516,-0.6712307079332845,0.5119047619047619,-8.941342653761992e-06,-0.267668737472357,7.425146304013939,0.0883945988573088,0.9847468287344908,1.0,0.008910175564816727,2024-04-02 00:00:00+00:00
2024-03-19 08:00:00+00:00,84.0,-0.0030259727450258067,-0.07597027253874578,0.20204231472323445,-0.2899776409451491,-0.2789767181163552,-0.058567414420628516,-1.2971423323066769,0.5119047619047619,-2.6752398992941043e-05,-0.5877266792220899,7.014905545045515,0.08351078029816089,0.9855204483547111,1.0,0.008417886654054619,2024-04-02 04:00:00+00:00
2024-03-19 12:00:00+00:00,84.0,-0.011299090824850588,-0.256406188502342,0.1953688325166263,-1.418533921586877,-1.3196419715461936,-0.058567414420628516,-4.377966673769212,0.5119047619047619,-0.00012654671970121445,-2.266806967225304,7.014905545045515,0.08351078029816089,0.9862940679749315,1.0,0.008417886654054619,2024-04-02 08:00:00+00:00
2024-03-19 16:00:00+00:00,84.0,-0.01158306273663301,-0.26195433820176706,0.1953511239318037,-1.457012617226226,-1.355315296535423,-0.05856741442062963,-4.472697673153503,0.5119047619047619,-0.00012996760381642108,-2.3210392057280878,7.014905545045515,0.08351078029816089,0.987067687595152,1.0,0.008417886654054619,2024-04-02 12:00:00+00:00
2024-03-19 20:00:00+00:00,84.0,-0.02337167973729226,-0.46020539663781457,0.19707727154419763,-3.0294725959241693,-2.78932893803331,-0.05856741442062963,-7.857703830540163,0.5,-0.00027262109288705603,-4.381884503152623,7.014905545045515,0.08351078029816089,0.9878413072153724,1.0,0.008417886654054619,2024-04-02 16:00:00+00:00
2024-03-20 00:00:00+00:00,84.0,-0.02653238556654225,-0.5039504878945038,0.19679206483061448,-3.4634757931501685,-3.219143280077714,-0.058567414420629293,-8.604622431769782,0.4880952380952381,-0.00031122582320770403,-4.90808677950707,7.014905545045515,0.08351078029816089,0.9886149268355928,1.0,0.008417886654054619,2024-04-02 20:00:00+00:00
2024-03-20 04:00:00+00:00,84.0,-0.031339015219204014,-0.5640072426584484,0.19483516467380868,-4.1623523855606015,-3.8302467756106244,-0.05856741442062918,-9.630051936521689,0.4880952380952381,-0.0003703071289822466,-5.669820006868937,7.014905545045515,0.08351078029816089,0.9893885464558132,1.0,0.008417886654054619,2024-04-03 00:00:00+00:00
2024-03-20 08:00:00+00:00,84.0,-0.03300829627844892,-0.583178398552473,0.1941052265267113,-4.410310722037126,-4.043216393378462,-0.058567414420629293,-9.957386787883522,0.4880952380952381,-0.0003908969688375342,-5.927595810327579,6.780419668729422,0.08071928177058836,0.9893065223630664,1.0,0.008136503602475306,2024-04-03 04:00:00+00:00
2024-03-20 12:00:00+00:00,84.0,-0.03234314671614269,-0.5756385792229854,0.19413693236000779,-4.3172514775870106,-3.912582395019168,-0.058567414420629405,-9.828649342256542,0.5,-0.0003827113963860517,-5.808803203960734,6.780419668729422,0.08071928177058836,0.9892244982703196,1.0,0.008136503602475306,2024-04-03 08:00:00+00:00
2024-03-20 16:00:00+00:00,84.0,-0.03914636860997933,-0.6469393124683424,0.18969923422397986,-5.391970645429222,-4.774864850691729,-0.058567414420629405,-11.046062368778033,0.5,-0.00046705602849137065,-6.841355844538867,6.780419668729422,0.08071928177058836,0.9891424741775727,1.0,0.008136503602475307,2024-04-03 12:00:00+00:00
2024-03-20 20:00:00+00:00,84.0,-0.0418044710160459,-0.671539660335454,0.1891001180394627,-5.791402747856442,-5.172622899733757,-0.05856741442062907,-11.466097094751019,0.4880952380952381,-0.0005000707503350329,-7.246299112675741,6.780419668729422,0.08071928177058836,0.989060450084826,1.0,0.008136503602475307,2024-04-03 16:00:00+00:00
2024-03-21 00:00:00+00:00,84.0,-0.03181263701992887,-0.5695311242138652,0.18775379723347727,-4.3944306839600165,-3.9490585773816362,-0.05856741442062885,-9.724368573342085,0.5,-0.0003767447705903195,-5.815263208143285,6.780419668729422,0.08071928177058836,0.988978425992079,1.0,0.008136503602475307,2024-04-03 20:00:00+00:00
2024-03-21 04:00:00+00:00,84.0,-0.03590847474551917,-0.6145744621901038,0.18943830023786878,-4.936883033581397,-4.403897404609065,-0.05856741442062896,-10.493453881645742,0.5,-0.00042704782207983244,-6.390660036411768,6.780419668729422,0.08071928177058836,0.988896401899332,1.0,0.008136503602475307,2024-04-04 00:00:00+00:00
2024-03-21 08:00:00+00:00,84.0,-0.03745720168986644,-0.6303957200779391,0.1885416934472064,-5.183470784615465,-4.601978923325007,-0.058567414420629516,-10.763591432438094,0.5,-0.00044625587199338787,-6.6249102344460695,7.74054319479931,0.09214932374761083,0.9887396028918849,1.0,0.009288651833759171,2024-04-04 04:00:00+00:00
2024-03-21 12:00:00+00:00,84.0,-0.042996634428941305,-0.6820295447814577,0.18657722137195978,-6.0461281753164995,-5.372122043084747,-0.0583756815063341,-11.683453232275388,0.4880952380952381,-0.0005151003630179314,-7.467723239511465,7.74054319479931,0.09214932374761083,0.9885828038844379,1.0,0.009288651833759171,2024-04-04 08:00:00+00:00
2024-03-21 16:00:00+00:00,84.0,-0.035208561989255815,-0.6072125882430419,0.1914381891940525,-4.7845431756378884,-4.311017360626282,-0.053989167978177655,-11.2469336161742,0.5,-0.00041823939802049253,-6.533849981794139,7.74054319479931,0.09214932374761083,0.9884260048769907,1.0,0.009288651833759171,2024-04-04 12:00:00+00:00
2024-03-21 20:00:00+00:00,84.0,-0.024169577643775808,-0.4715861209329586,0.18686479277458354,-3.319555832487914,-3.0279689913406083,-0.05398916797817832,-8.734828458989536,0.5119047619047619,-0.0002832457135806001,-4.827502883979479,7.74054319479931,0.09214932374761083,0.9882692058695435,1.0,0.009288651833759171,2024-04-04 16:00:00+00:00
2024-03-22 00:00:00+00:00,84.0,-0.019007367297384503,-0.3936629764619153,0.19041128382372033,-2.5319978959263945,-2.353422947815542,-0.05398916797817843,-7.291517747060441,0.5119047619047619,-0.00022014656164488737,-3.8884238720222672,7.74054319479931,0.09214932374761083,0.9881124068620961,1.0,0.009288651833759171,2024-04-04 20:00:00+00:00
2024-03-22 04:00:00+00:00,84.0,-0.016848557013756094,-0.3578982811182193,0.18980763770807252,-2.2387777666722535,-2.0872261080232213,-0.05398916797817788,-6.629075692792299,0.5119047619047619,-0.00019403521426731267,-3.495246481048654,7.74054319479931,0.09214932374761083,0.9879556078546491,1.0,0.009288651833759171,2024-04-05 00:00:00+00:00
2024-03-22 08:00:00+00:00,84.0,-0.011467253220206919,-0.2596965139217885,0.1878719733148502,-1.5064169345273877,-1.4176062285578301,-0.05398916797817843,-4.810159586581399,0.5119047619047619,-0.00012922991877834146,-2.462015447755768,8.398790023426336,0.09998559551698019,0.9876169082888966,1.0,0.010078548028111603,2024-04-05 04:00:00+00:00
2024-03-22 12:00:00+00:00,84.0,-0.004430841036279332,-0.10932442913115614,0.1923547311401473,-0.5056382740236484,-0.48718200604995254,-0.05398916797817854,-2.0249326527006883,0.5119047619047619,-4.4411832992688124e-05,-0.9540440804372821,8.398790023426336,0.09998559551698019,0.9872782087231441,1.0,0.010078548028111603,2024-04-05 08:00:00+00:00
2024-03-22 16:00:00+00:00,84.0,-0.01240495184141599,-0.2777887072701505,0.19252435300219362,-1.5939349093926418,-1.537093474017572,-0.05398916797817799,-5.145267424429111,0.5,-0.0001401238754148075,-2.636598089753555,8.398790023426338,0.09998559551698022,0.9869395091573916,1.0,0.010078548028111606,2024-04-05 12:00:00+00:00
2024-03-22 20:00:00+00:00,84.0,-0.020194319727473653,-0.4125026466788191,0.1895693091101668,-2.7105687799313007,-2.6007750163204455,-0.05132870852539839,-8.03648988118813,0.4880952380952381,-0.00023463043420418465,-4.264427604864007,8.398790023426338,0.09998559551698022,0.986600809591639,1.0,0.010078548028111606,2024-04-05 16:00:00+00:00
2024-03-23 00:00:00+00:00,84.0,-0.01452508516969997,-0.31714100894992914,0.18787133234277184,-1.9363026457178385,-1.8528478719593295,-0.05132870852539817,-6.178628258160894,0.5,-0.00016610765199536276,-3.1756184199473516,8.398790023426336,0.09998559551698019,0.9862621100258865,1.0,0.010078548028111605,2024-04-05 20:00:00+00:00
2024-03-23 04:00:00+00:00,84.0,-0.005403552383045351,-0.13173675133028795,0.19688945482604467,-0.6190010421105188,-0.6207544556086391,-0.047424004176025325,-2.7778496063157396,0.5,-5.56505834328281e-05,-1.267356976771333,8.398790023426336,0.09998559551698019,0.9859234104601342,1.0,0.010078548028111605,2024-04-06 00:00:00+00:00
2024-03-23 08:00:00+00:00,84.0,2.914120675479026e-05,0.0007600304974686445,0.19591032092300356,0.10182755544563661,0.10155199546654961,-0.04332459041233405,0.017542704737314074,0.5119047619047619,9.109163957150506e-06,0.07643187624150505,7.978584564445436,0.09498314957673137,0.9858213952229091,1.0,0.009574301477334523,2024-04-06 04:00:00+00:00
2024-03-23 12:00:00+00:00,84.0,0.010524060652547407,0.31382609600834854,0.19257173876649708,1.5137204431019136,1.5267405586120386,-0.04332459041233383,7.24360214422263,0.5238095238095238,0.0001331049213399671,3.2378929996421784,7.978584564445436,0.09498314957673137,0.9857193799856843,1.0,0.009574301477334523,2024-04-06 08:00:00+00:00
2024-03-23 16:00:00+00:00,84.0,0.025187535432601882,0.9127486935095142,0.1915152303433258,3.4825964475819147,3.605967704703598,-0.04332459041233372,21.06768199820468,0.5357142857142857,0.00030455263052579844,8.807470615617419,7.978584564445436,0.09498314957673137,0.9856173647484594,1.0,0.009574301477334523,2024-04-06 12:00:00+00:00
2024-03-23 20:00:00+00:00,84.0,0.02605576940823018,0.9554335427921052,0.19110689064246927,3.6051517115311564,3.741741696446447,-0.04332459041233394,22.052915762132766,0.5357142857142857,0.00031459786935392496,9.194116920677756,7.978584564445436,0.09498314957673137,0.9855153495112345,1.0,0.009574301477334523,2024-04-06 16:00:00+00:00
2024-03-24 00:00:00+00:00,84.0,0.026872838399080834,0.9964385627935626,0.19087178859177056,3.7181184532003875,3.8636500879556923,-0.04332459041233372,22.999376412105555,0.5357142857142857,0.00032405658418192937,9.560708494774058,7.978584564445436,0.09498314957673137,0.9854133342740097,1.0,0.009574301477334523,2024-04-06 20:00:00+00:00
2024-03-24 04:00:00+00:00,84.0,0.02069100572967475,0.7056377101757636,0.19218142436371524,2.8747022962808235,2.9997518394183844,-0.04332459041233372,16.287233265450134,0.5238095238095238,0.00025226684105976785,6.948481404286641,7.978584564445436,0.09498314957673137,0.9853113190367848,1.0,0.009574301477334523,2024-04-07 00:00:00+00:00
2024-03-24 08:00:00+00:00,84.0,0.030708006568589408,1.2002151568853954,0.19031136848279737,4.239365394307508,4.4558520163861575,-0.04332459041233372,27.702862172788507,0.5357142857142857,0.00036840156606816237,11.365009076683268,6.6439036143812915,0.07909409064739632,0.984958533643478,1.0,0.007972684337257552,2024-04-07 04:00:00+00:00
2024-03-24 12:00:00+00:00,84.0,0.027228775082160928,1.014558850366111,0.19071282444474755,3.768443046065967,4.003100651995088,-0.04332459041233416,23.417621279514144,0.5238095238095238,0.00032816914021662483,9.757059558472069,6.6439036143812915,0.07909409064739632,0.9846057482501711,1.0,0.007972684337257552,2024-04-07 08:00:00+00:00
2024-03-24 16:00:00+00:00,84.0,0.022633097676352465,0.7922980606815819,0.19247216222588104,3.128201481928881,3.289563603830293,-0.04332459041233383,18.287491079339254,0.5238095238095238,0.0002749277183128114,7.740533209912558,6.6439036143812915,0.07909409064739632,0.9842529628568644,1.0,0.00797268433725755,2024-04-07 12:00:00+00:00
2024-03-24 20:00:00+00:00,84.0,0.016261950078420684,0.5228169637211915,0.18965091577601204,2.3125627488368217,2.396205800384427,-0.04332459041233394,12.067441578682585,0.5238095238095238,0.0002002646772175319,5.272483618409593,6.6439036143812915,0.07909409064739632,0.9839001774635575,1.0,0.00797268433725755,2024-04-07 16:00:00+00:00
2024-03-25 00:00:00+00:00,84.0,0.01348695796115762,0.41803795862717097,0.1882502493912268,1.949613641349518,2.0052095321069463,-0.04332459041233372,9.648976589243489,0.5238095238095238,0.00016758687406419386,4.281660882020681,6.643903614381292,0.07909409064739634,0.9835473920702507,1.0,0.00797268433725755,2024-04-07 20:00:00+00:00
2024-03-25 04:00:00+00:00,84.0,0.02390771219699639,0.8514589340393584,0.20541196289629096,3.1016172757147826,3.4808842744538437,-0.04332459041233372,19.653017511204528,0.5238095238095238,0.00029091748527745203,8.21874414585733,6.643903614381292,0.07909409064739634,0.9831946066769438,1.0,0.00797268433725755,2024-04-08 00:00:00+00:00
2024-03-25 08:00:00+00:00,84.0,0.025187160397738717,0.9127304508112275,0.20558773525579244,3.257552827653056,3.6590160549319877,-0.04020039829448907,22.70451263007388,0.5238095238095238,0.00030580498096497463,9.252226059290876,7.066281439860718,0.08412239809357998,0.9831946066769438,1.0,0.00847953772783286,2024-04-08 04:00:00+00:00
2024-03-25 12:00:00+00:00,84.0,0.031189443318081045,1.2271663874354974,0.20508557936100777,4.007397717339148,4.4726879579357295,-0.03059346612748437,40.11204164712292,0.5357142857142857,0.00037527830255273026,15.024906992512914,7.066281439860718,0.08412239809357998,0.9831946066769438,1.0,0.00847953772783286,2024-04-08 08:00:00+00:00
2024-03-25 16:00:00+00:00,84.0,0.053250461933484816,2.867519563506151,0.19898378024186836,6.898872515789411,8.524840787614334,-0.03059346612748448,93.72980333634167,0.5476190476190477,0.0006268327546111897,33.59853907068506,7.066281439860718,0.08412239809357998,0.9831946066769438,1.0,0.00847953772783286,2024-04-08 12:00:00+00:00
2024-03-25 20:00:00+00:00,84.0,0.05726894572472174,3.2712000791221127,0.19828446672536282,7.423529343531096,9.091239208736758,-0.030593466127484592,106.92479451301297,0.5595238095238095,0.0006721326744758659,37.940992840457916,7.066281439860718,0.08412239809357998,0.9831946066769438,1.0,0.00847953772783286,2024-04-08 16:00:00+00:00
2024-03-26 00:00:00+00:00,84.0,0.06358292568204393,3.9884717234050777,0.1988870613397923,8.18270521922111,9.940079077466995,-0.030593466127484592,130.37005048022036,0.5714285714285714,0.0007431206369226792,45.54185834081924,7.066281439860718,0.08412239809357998,0.9831946066769438,1.0,0.00847953772783286,2024-04-08 20:00:00+00:00
2024-03-26 04:00:00+00:00,84.0,0.07494978510759154,5.581647526126642,0.1966315273440814,9.684938030162522,11.98885967517525,-0.030593466127484925,182.44573867072012,0.5833333333333334,0.000869572674476546,62.43474688033489,7.066281439860718,0.08412239809357998,0.9831946066769438,1.0,0.00847953772783286,2024-04-09 00:00:00+00:00
2024-03-26 08:00:00+00:00,84.0,0.06908869698607623,4.707285483347558,0.19782598366900406,8.906511440452084,11.077945956278636,-0.03059346612748448,153.86571314711668,0.5714285714285714,0.0008045385327701697,53.26284575878208,6.605997029251231,0.07864282177680038,0.9831946066769438,1.0,0.007927196435101477,2024-04-09 04:00:00+00:00
2024-03-26 12:00:00+00:00,84.0,0.06703451273999117,4.4281630195971085,0.19781814656481617,8.653176549126925,10.910623564790532,-0.030593466127484592,144.74211588659875,0.5595238095238095,0.0007816234460485937,50.38283715663391,6.605997029251231,0.07864282177680038,0.9831946066769438,1.0,0.007927196435101477,2024-04-09 08:00:00+00:00
2024-03-26 16:00:00+00:00,84.0,0.06638618677837393,4.342827798279585,0.19788794889848244,8.570057595997124,10.952655063644853,-0.03059346612748437,141.95278757179142,0.5476190476190477,0.0007743886390930274,49.5379155757945,6.605997029251231,0.07864282177680038,0.9831946066769438,1.0,0.007927196435101477,2024-04-09 12:00:00+00:00
2024-03-26 20:00:00+00:00,84.0,0.06302459215186196,3.9206452283821394,0.19877986251872717,8.118079544035023,10.447629202791939,-0.030593466127484592,128.15302496436996,0.5357142857142857,0.0007368542172051933,45.060383033638274,6.605997029251231,0.07864282177680038,0.9831946066769438,1.0,0.007927196435101477,2024-04-09 16:00:00+00:00
